G1	G2	G3	G4	G5	G6	G7	G8	G9	G10	G11	G12	G13	G14	G15	G16	G17	G18	G19	G20	G21	G22	G23	G24	G25	G26	G27	G28	G29	G30	G31	G32	G33	G34	G35	G36	G37	G38	G39	G40	G41	G42	G43	G44	G45	G46	G47	G48	G49	G50	G51	G52	G53	G54	G55	G56	G57	G58	G59	G60	G61	G62	G63	G64	G65	G66	G67	G68	G69	G70	G71	G72	G73	G74	G75	G76	G77	G78	G79	G80	G81	G82	G83	G84	G85	G86	G87	G88	G89	G90	G91	G92	G93	G94	G95	G96	G97	G98	G99	G100
0.6421420	0.7006469	0.5951712	0.5110098	0.7288297	0.1702371	0.6684091	0.6023296	0.5641263	0.0986142	0.4882412	0.1008690	0.0764879	0.0934861	0.0565263	0.0902696	0.7505215	0.2801756	0.4595840	0.5930292	0.5221143	0.7560637	0.5983018	0.8133116	0.5760052	0.6881083	0.4341499	0.2413988	0.5829183	0.5365471	0.2075213	0.0285884	0.0232362	0.0135078	0.7530263	0.7605271	0.0000000	0.1831496	0.0376979	0.6177894	0.4213599	0.7090057	0.6706018	0.2477305	0.4249309	0.0000000	0.0169140	0.0524408	0.1879333	0.1913396	0.3226971	0.0119684	0.0313181	0.5458489	0.6905778	0.7818237	0.6129403	0.8061121	0.4516254	0.5656759	0.5742032	0.8349546	0.2864026	0.7287280	0.1671288	0.7606586	0.4741408	0.2740674	0.0528561	0.7201331	0.6926805	0.7970037	0.7902365	0.9404639	0.4582170	0.1946029	0.5504577	0.6528451	0.6041986	0.1999753	0.2375527	0.5424918	0.6568801	0.4701956	0.5715155	0.0886043	0.4363354	0.5497399	0.7126923	0.6256808	0.7431734	0.3905893	0.7721458	0.6858120	0.5997731	0.7231025	0.2709736	0.8560918	0.5015663	0.7445274
0.4399178	0.0089229	0.1422524	0.2455827	0.0000000	0.6934654	0.0246669	0.0147468	0.0653886	0.0063868	0.7022814	0.6756475	0.6507049	0.6430259	0.6941328	0.4236086	0.4071298	0.6029521	0.6546557	0.8693093	0.6090906	0.0018515	0.6134484	0.3041179	0.6383707	0.7686234	0.3565872	0.3153140	0.1861130	0.5371716	0.1615520	0.0292659	0.0315472	0.0544876	0.5749625	0.6618328	0.2243094	0.6764075	0.6863036	0.8082612	0.3149565	0.7194817	0.7236082	0.2136650	0.4302282	0.7479325	0.4420565	0.4954479	0.6478982	0.0257852	0.5596227	0.6733932	0.6413902	0.5582776	0.7093480	0.5559282	0.2786645	0.2719208	0.4196096	0.4904880	0.6048573	0.5910344	0.2476409	0.2004449	0.0644463	0.7487403	0.3239645	0.1334864	0.5245448	0.4347900	0.5713484	0.0177139	0.4933192	0.0267956	0.2060123	0.7384164	0.0532964	0.6763574	0.8487024	0.2556367	0.3503829	0.3975455	0.6925262	0.9014919	0.0000000	0.7743376	0.7116335	0.6017078	0.7307270	0.7163068	0.6679820	0.4954873	0.6858362	0.5657514	0.4167544	0.6990534	0.3634345	0.7556043	0.5497851	0.8085727
0.4713090	0.0041089	0.1487858	0.1635696	0.0000000	0.9048172	0.0189679	0.0424351	0.3094116	0.1612602	0.6537095	0.4806228	0.7082933	0.6652063	0.7873234	0.4988293	0.6937577	0.6692556	0.7444740	0.7997731	0.4844157	0.4308468	0.5958263	0.3766338	0.5856023	0.6839872	0.4056869	0.4685341	0.2034835	0.5370397	0.1929243	0.0213686	0.0250665	0.0187958	0.5888909	0.6147917	0.3208301	0.1282628	0.0667073	0.7563173	0.4719022	0.8608432	0.6707335	0.3012228	0.4362285	0.0000000	0.1561294	0.2164953	0.1854720	0.1460975	0.2146903	0.0062268	0.0514965	0.4821994	0.7190763	0.7893237	0.6625892	0.8428319	0.1904088	0.3816149	0.2235426	0.6714119	0.3851644	0.3794590	0.0942661	0.7512907	0.3284118	0.1103316	0.6036426	0.4114925	0.5282683	0.0255437	0.6549548	0.0363586	0.5265949	0.7792470	0.0268315	0.5457134	0.5154814	0.1415599	0.2700805	0.5173200	0.8641700	0.4240622	0.6304247	0.1599681	0.3847819	0.5704172	0.7088524	0.6703811	0.6601612	0.3798753	0.8561459	0.5786954	0.5164861	0.7954017	0.3623268	0.6453441	0.4925943	0.7492758
0.4045272	0.8669162	0.3531735	0.6660998	0.6472804	0.2262576	0.7303261	0.2947447	0.7415707	0.1645958	0.7245064	0.4096597	0.6628224	0.1009298	0.0469904	0.1221954	0.2954895	0.0032388	0.5371291	0.5871487	0.6499899	0.5631075	0.5611714	0.2737292	0.6594742	0.8568611	0.3870032	0.3604556	0.2138555	0.5091765	0.1925884	0.0329559	0.0383173	0.0317470	0.7613163	0.6599949	0.2890985	0.9179103	0.6497524	0.6009925	0.4988026	0.7616029	0.8753534	0.4421960	0.4414916	0.0000000	0.1327423	0.1943478	0.1821446	0.2192933	0.2144539	0.0089651	0.0405043	0.5262819	0.7289350	0.6104382	0.7516542	0.5842742	0.2689787	0.2228904	0.2786317	0.6950979	0.3148285	0.3480162	0.0817599	0.6706051	0.3742656	0.1401630	0.5266151	0.4966465	0.4314132	0.0203599	0.6838979	0.0240868	0.4747461	0.7673342	0.0256281	0.5423016	0.6060057	0.1280905	0.2675091	0.4825161	0.7783188	0.7870128	0.0000000	0.7221211	0.6775244	0.5675411	0.6226961	0.6981921	0.7229257	0.3164083	0.9050602	0.5717659	0.5303539	0.6157014	0.2641877	0.8451684	0.5899834	0.7033543
0.7413261	0.5830528	0.5232875	0.4580716	0.8577109	0.2564143	0.7503417	0.6174011	0.2532416	0.2573441	0.5300786	0.1696940	0.1152315	0.1047084	0.0298004	0.5344385	0.8425763	0.5236468	0.4699565	0.6751855	0.6150104	0.3149635	0.7414213	0.5460547	0.7437113	0.7267742	0.3438152	0.2274390	0.7929615	0.5979999	0.1909495	0.0285753	0.0287844	0.0448932	0.6510495	0.7047967	0.0000000	0.1170601	0.0266441	0.8017665	0.2501566	0.6554141	0.6612111	0.2452622	0.3859976	0.6836092	0.4086636	0.2718538	0.7378764	0.0440388	0.7180873	0.4861056	0.7515869	0.5424837	0.7763126	0.5109871	0.3162307	0.7423232	0.6771378	0.6211210	0.6715278	0.6400703	0.0000000	0.5583435	0.1063286	0.6218239	0.3989429	0.3661080	0.0247091	0.7248321	0.7098461	0.6583693	0.6439725	0.6917191	0.3824151	0.2573428	0.5174444	0.6856833	0.7618120	0.7145514	0.4059997	0.3113952	0.6640725	0.3050965	0.5612118	0.1469050	0.4772856	0.4810458	0.7097726	0.6643414	0.6575733	0.3333858	0.8800734	0.5336621	0.5529938	0.5959382	0.3539027	0.6741494	0.5960420	0.6753280
0.4418147	0.7275072	0.3452671	0.4834546	0.7770949	0.2977386	0.6226629	0.2710219	0.5698431	0.1717929	0.4021697	0.1225566	0.0675349	0.1259150	0.0466271	0.0735527	0.7849668	0.2772571	0.4965210	0.6482975	0.6208784	0.7824556	0.6091349	0.3730759	0.5667284	0.6965528	0.4326632	0.4306635	0.2959235	0.5741883	0.1521097	0.0356844	0.0415129	0.0467878	0.7990797	0.6922197	0.3080068	0.1189913	0.0300867	0.8330260	0.3194437	0.6783738	0.7926376	0.3820564	0.4525719	0.0000000	0.1263326	0.3061637	0.1433575	0.1520852	0.2974634	0.0049507	0.0372329	0.5217694	0.7125763	0.6688857	0.8066640	0.7639904	0.1083785	0.2624186	0.4897585	0.6861017	0.0000000	0.4300173	0.0506610	0.7499568	0.3571163	0.1506798	0.6298085	0.3878084	0.4956377	0.0216694	0.5033347	0.0411423	0.2587146	0.9650771	0.0645032	0.6174339	0.7670243	0.6943110	0.3218053	0.5023253	0.7657978	0.3556352	0.5845896	0.2032653	0.3560825	0.5127643	0.7957562	0.8015090	0.7024978	0.4566954	0.6470446	0.6256170	0.4907448	0.7656215	0.2881605	0.6559876	0.5716435	0.7861929
0.5344749	0.5794128	0.3486814	0.3041962	0.7838407	0.2424296	0.6730982	0.2524234	0.3341765	0.2086371	0.5359161	0.1310648	0.0792670	0.1142968	0.0329892	0.4450860	0.7246580	0.6303674	0.3798053	0.6851460	0.4751185	0.2736767	0.6120298	0.3245363	0.4288399	0.7479139	0.3925379	0.3657901	0.2412876	0.4832882	0.1950685	0.0548168	0.0260007	0.0279184	0.6117218	0.7753544	0.2803714	0.1231284	0.0306189	0.6873176	0.4342712	0.7366206	0.8807812	0.3423718	0.3830649	0.7850621	0.5324886	0.4728885	0.7821855	0.0384196	0.4669804	0.4396170	0.6746124	0.5617375	0.7766883	0.5267316	0.2811873	0.6346522	0.3699279	0.4461211	0.2269593	0.6864556	0.3634940	0.0000000	0.0983896	0.8117826	0.2886916	0.1171920	0.7483594	0.5762336	0.4301493	0.0183393	0.3947057	0.0342316	0.4484911	0.8309751	0.0334498	0.5955298	0.5858506	0.1400044	0.3751522	0.2805535	0.7778632	0.4377750	0.5203329	0.1656269	0.3598815	0.4770827	0.7561248	0.8210266	0.8892497	0.4002577	0.0000000	0.0423151	0.0722727	0.6027963	0.3996428	0.8283151	0.5721056	0.7099592
0.6935697	0.6486522	0.5327853	0.3889764	0.7868992	0.2504780	0.6786687	0.6807834	0.2301606	0.1294013	0.5953954	0.0943860	0.0811731	0.0907999	0.0581869	0.5208913	0.7210783	0.5238122	0.3166056	0.7533144	0.6386865	0.3398186	0.7605892	0.5208372	0.6779796	0.6583089	0.4165350	0.3074653	0.6676593	0.6102415	0.0722183	0.0616610	0.0131920	0.0398956	0.6501388	0.7462272	0.0000000	0.1086917	0.0231897	0.6555025	0.2975965	0.6081098	0.7736887	0.0000000	0.4376969	0.6074421	0.3402256	0.2812667	0.6729505	0.0071325	0.7129612	0.4591702	0.6542634	0.6201784	0.7470609	0.5168594	0.3703989	0.7286002	0.5924237	0.4558872	0.7728208	0.8292384	0.0166907	0.3633170	0.1008718	0.6193264	0.4121354	0.2721990	0.0318312	0.7677700	0.7740909	0.8287093	0.8307452	0.7396520	0.3293265	0.2382674	0.6066888	0.6909910	0.7805192	0.6469758	0.4366821	0.3572874	0.7328035	0.4206144	0.4335369	0.1822034	0.4713926	0.4954937	0.9083476	0.8392731	0.7994588	0.3867825	0.6241298	0.5590704	0.5127954	0.6411615	0.3372043	0.8193644	0.6062817	0.6934040
0.0000000	0.0060045	0.0079025	0.0987849	0.0000000	0.6411605	0.0039168	0.0176693	0.0461536	0.0052427	0.6698031	0.4234706	0.7898888	0.7659429	0.7188758	0.6628328	0.6676782	0.7745199	0.7708323	0.8113657	0.4973934	0.0001784	0.6465930	0.3135224	0.6811437	0.7643146	0.4146752	0.3940691	0.2543372	0.5051025	0.1334651	0.0440514	0.0185488	0.0314224	0.6566881	0.6991861	0.2179958	0.1189948	0.0557792	0.7376571	0.2481620	0.8619497	0.7914410	0.4069369	0.3920148	0.7767278	0.4877143	0.3980550	0.5273358	0.0445886	0.5495420	0.4960105	0.7129780	0.6792462	0.7407421	0.5294845	0.3996688	0.6218510	0.4745996	0.4785794	0.6339591	0.4269138	0.1999844	0.2060183	0.0971576	0.8100898	0.3258610	0.1732412	0.5229095	0.4768212	0.4870417	0.0118766	0.6419176	0.0503089	0.2643792	0.7093833	0.0654149	0.7216222	0.6670854	0.2948669	0.3519286	0.3378340	0.5824944	0.3956748	0.6035063	0.1733298	0.4938154	0.5479044	0.5796985	0.7320188	0.6829895	0.5742184	0.7326588	0.5862514	0.4817858	0.6560109	0.2895784	0.7372644	0.5779796	0.7872555
0.4056843	0.6218581	0.3915243	0.4275103	0.8575922	0.2988984	0.7010866	0.2343986	0.2257150	0.2077453	0.4737731	0.1103742	0.1018621	0.1341913	0.0248154	0.6171541	0.7388473	0.6819095	0.5568211	0.5302819	0.5539556	0.4115368	0.6149936	0.3225321	0.4267063	0.7599175	0.3631254	0.4413809	0.2405223	0.4875050	0.2441013	0.0270566	0.0087600	0.0333090	0.6444420	0.6404502	0.3320143	0.1205314	0.0194200	0.7358168	0.4427757	0.8888407	0.7525121	0.4971117	0.4363749	0.8388433	0.4851630	0.4896279	0.6868922	0.0312414	0.5021534	0.6510343	0.7318568	0.6293799	0.3965983	0.4521404	0.3474393	0.6672764	0.3671700	0.5308704	0.3498165	0.6390246	0.2361009	0.4287510	0.0785478	0.6871614	0.3331359	0.1313825	0.5766271	0.6329572	0.3876826	0.0345067	0.5097973	0.0467599	0.3103590	0.6776337	0.0210930	0.5155397	0.6889790	0.1658460	0.3464132	0.0000000	0.7418684	0.4558523	0.6048284	0.0654789	0.4467614	0.5580728	0.7084905	0.7658260	0.7576644	0.3878755	0.6524166	0.5038698	0.4544503	0.7365225	0.2346944	0.7341236	0.0000000	0.7033904
0.4636234	0.7997758	0.2853895	0.4881789	0.7866586	0.2056778	0.5699146	0.2560503	0.4019815	0.1536193	0.8296985	0.3620741	0.7267992	0.0924481	0.0328395	0.0929713	0.4114304	0.2571885	0.4247837	0.6713531	0.6473044	0.2768852	0.6172175	0.3029488	0.7315138	0.6809595	0.3648235	0.3506318	0.1628790	0.4682682	0.1142319	0.0362521	0.0430780	0.0438439	0.6980158	0.8533366	0.2699993	0.7783792	0.6054760	0.6339472	0.2512540	0.6471045	0.7194999	0.3634900	0.4458292	0.8051728	0.4505086	0.3974640	0.6725035	0.0576651	0.6653214	0.4211854	0.6404055	0.6058386	0.7259537	0.4357069	0.3988494	0.2925030	0.2994428	0.6072339	0.8539746	0.6365008	0.0000000	0.3240548	0.1168152	0.6737839	0.2876871	0.1034007	0.5939930	0.5335143	0.5789037	0.0373799	0.4951370	0.0217111	0.2677067	0.5879327	0.0312106	0.7555396	0.7865306	0.7023709	0.3539827	0.4204163	0.0000000	0.0254548	0.0034980	0.7086846	0.7195206	0.7585145	0.7039249	0.6881939	0.6022415	0.5161485	0.7097235	0.5749577	0.4005354	0.7967086	0.4004244	0.9002044	0.5440547	0.7465649
0.5434534	0.8201120	0.3083849	0.5292143	0.6963513	0.3075931	0.5311391	0.2339523	0.5003522	0.1730228	0.5701783	0.1287772	0.0769957	0.0994337	0.0368118	0.0664337	0.8103388	0.2876600	0.4370629	0.7192822	0.6124270	0.6397979	0.5820152	0.2870229	0.4448070	0.6642485	0.3521328	0.4997258	0.2254103	0.4586716	0.1405274	0.0195317	0.0327907	0.0603681	0.6433043	0.6297584	0.3002156	0.1088929	0.0429562	0.7262434	0.3871336	0.8588219	0.7547019	0.3871531	0.4586278	0.0000000	0.1479034	0.3049692	0.1710389	0.1763400	0.2370883	0.0114673	0.0484111	0.5271793	0.4700709	0.6037594	0.6897088	0.6964762	0.1716481	0.3451925	0.3036091	0.8111943	0.3106703	0.2929666	0.0845083	0.6807577	0.2897920	0.1526957	0.6418520	0.4869160	0.5814463	0.0264324	0.4821167	0.0467713	0.4864948	0.6717724	0.0314888	0.5665890	0.5362013	0.1155556	0.2798773	0.4417602	0.6978075	0.3430316	0.4850680	0.1147829	0.4868973	0.4501969	0.6784498	0.7309017	0.7184070	0.3788437	0.5828122	0.5217415	0.4905135	0.6216102	0.3418721	0.8964797	0.0000000	0.6361087
0.5296019	0.7038109	0.2786548	0.4934409	0.6469088	0.3450465	0.7376881	0.3356163	0.6206902	0.1869784	0.6122773	0.0912932	0.1260250	0.1286695	0.0425339	0.0938135	0.7381543	0.2514696	0.4507154	0.5157044	0.6573388	0.6241718	0.4957090	0.3073710	0.5481066	0.7163831	0.3751650	0.4238896	0.1580383	0.5716645	0.1991376	0.0432099	0.0207845	0.0430406	0.6014334	0.5822796	0.4097670	0.1336892	0.0351270	0.6887660	0.4399083	0.6302280	0.7546371	0.2738367	0.4437905	0.0000000	0.1676694	0.4180928	0.1237330	0.1923953	0.2011785	0.0086616	0.0419115	0.4599612	0.4748394	0.6338780	0.8619438	0.6664491	0.2163639	0.3292324	0.2136974	0.6967790	0.2891229	0.2854247	0.1087479	0.5773570	0.4003640	0.1530223	0.6115503	0.5036317	0.4349860	0.0053949	0.5274731	0.0215939	0.3976939	0.8330828	0.0193871	0.4692805	0.7095924	0.1350581	0.1627731	0.0000000	0.7039577	0.3888191	0.5598441	0.1383367	0.4784805	0.4002816	0.6723168	0.6076622	0.7230660	0.4468410	0.7490198	0.6401276	0.5806837	0.6584293	0.3680883	0.7471439	0.7740849	0.7136475
0.4746444	0.6903878	0.3453495	0.4024905	0.6778695	0.1814109	0.6513841	0.2259101	0.6072322	0.3510923	0.5225952	0.1477591	0.0795951	0.0991127	0.0360053	0.1101500	0.6376020	0.2974896	0.4674052	0.7209415	0.5662522	0.6965558	0.5885674	0.3509876	0.4049226	0.6552287	0.3320783	0.4696878	0.2989633	0.4488308	0.1403167	0.0401377	0.0282588	0.0403509	0.7988602	0.8265265	0.2738801	0.0977634	0.0615275	0.7678637	0.2662187	0.6872710	0.8195856	0.2197952	0.4915309	0.0000000	0.1765088	0.2789093	0.1552353	0.4323219	0.3210069	0.0228327	0.0490070	0.5585747	0.6734742	0.6559741	0.6155419	0.6936514	0.1935579	0.3319293	0.5459053	0.0000000	0.1156326	0.1398218	0.0669464	0.6661831	0.3204278	0.1388027	0.6617670	0.5270945	0.5794762	0.0513651	0.5856554	0.0310058	0.1820493	0.7928914	0.0737668	0.8263673	0.7391954	0.3234953	0.2884542	0.3978957	0.7035297	0.4737908	0.5355385	0.1209129	0.3146408	0.5534967	0.6925736	0.6775792	0.7113795	0.4654414	0.8619521	0.5059109	0.4960840	0.7496316	0.2618528	0.6838544	0.6554615	0.6257842
0.5567045	0.8110806	0.3780971	0.2765318	0.8389334	0.2585284	0.5729346	0.2867313	0.3090210	0.0440523	0.5900236	0.1735932	0.1314458	0.1312057	0.1070292	0.4612716	0.7117257	0.5753918	0.4640845	0.6990507	0.7159991	0.3360556	0.4978289	0.2446844	0.4864341	0.6243609	0.4096332	0.3674725	0.2219699	0.5682286	0.1335318	0.0243418	0.0415663	0.0567632	0.7179910	0.6326228	0.2617659	0.0918650	0.0318616	0.7472880	0.2542880	0.5866216	0.7816534	0.0000000	0.4173402	0.7866249	0.4279600	0.4569342	0.5931726	0.0067621	0.5766717	0.5950039	0.7600733	0.5031573	0.7014021	0.4749663	0.2686615	0.5535588	0.3730288	0.4251328	0.8517170	0.6781452	0.0032439	0.0428285	0.1182604	0.7143085	0.2492433	0.1272111	0.5170590	0.5485296	0.4747404	0.0215344	0.4346898	0.0266817	0.3285262	0.6325583	0.0528194	0.6649717	0.7693792	0.6343465	0.4173739	0.2842958	0.7122651	0.3235259	0.4494326	0.2767584	0.4343275	0.6169128	0.7000521	0.6738843	0.6943753	0.3856968	0.7905653	0.5104580	0.4799709	0.0000000	0.6353360	0.5966415	0.5302079	0.7767711
0.5948386	0.6520967	0.3312308	0.2839037	0.6227114	0.2174873	0.6339986	0.2275018	0.3450549	0.0180831	0.4250789	0.1168864	0.1232086	0.1222426	0.0665254	0.4287784	0.8550056	0.5455595	0.4279253	0.8349387	0.6163988	0.2392027	0.6082770	0.3169777	0.5906577	0.6583316	0.3266403	0.4017211	0.1953502	0.3920240	0.1097446	0.0558542	0.0264024	0.0336486	0.7538020	0.7052991	0.2358300	0.0740102	0.0872237	0.7343951	0.2373987	0.6506853	0.8400998	0.0000000	0.5127291	0.7828964	0.5310465	0.4259180	0.7245291	0.0738561	0.6793106	0.4411200	0.7570747	0.5799690	0.7932756	0.6443217	0.4133543	0.6468508	0.5125166	0.4437813	0.7048728	0.0000000	0.0174159	0.0306595	0.0755026	0.5090758	0.3728704	0.1336765	0.6895548	0.5449663	0.4510727	0.0316691	0.5438151	0.0616767	0.2151958	0.6295556	0.0365552	0.7410266	0.6971673	0.5935354	0.3873040	0.2403115	0.6375990	0.5294249	0.6289030	0.2504653	0.4678773	0.5258719	0.6815043	0.6695078	0.7825198	0.3931724	0.7841443	0.5401772	0.5363806	0.7454563	0.3100789	0.6280172	0.6222810	0.5768076
0.4369592	0.6574288	0.2977381	0.6669518	0.5859255	0.3336351	0.8370842	0.2946244	0.6195497	0.2554930	0.4971546	0.1676633	0.0819302	0.1502515	0.0704115	0.0696480	0.8299675	0.3006661	0.4257770	0.7126673	0.5149430	0.8071517	0.7603107	0.3107175	0.6021441	0.7757973	0.3397340	0.3478203	0.2061131	0.5081748	0.0838524	0.0569615	0.0407925	0.0203444	0.7656673	0.6530528	0.2392687	0.1267210	0.0571641	0.6934452	0.2740197	0.6907060	0.7786459	0.0000000	0.5043398	0.0000000	0.1729378	0.2286442	0.1943170	0.4671699	0.4384864	0.0267156	0.0196662	0.5902732	0.8077744	0.7298407	0.6772487	0.7254956	0.2220206	0.3437739	0.5617363	0.1703461	0.0207097	0.0855827	0.0661799	0.6680036	0.3332388	0.1344238	0.5460397	0.5775180	0.4749890	0.0155757	0.7287172	0.0647275	0.2394141	0.8825573	0.0224217	0.6507133	0.7482479	0.7047754	0.3060283	0.4213442	0.7553098	0.4012014	0.4825482	0.1139644	0.5231501	0.5965491	0.7722987	0.6752225	0.7130475	0.4801264	0.8363275	0.4560774	0.4130841	0.6172963	0.3268745	0.8569438	0.6094073	0.6807717
0.4296674	0.7511004	0.4214707	0.5219404	0.6994816	0.2484251	0.6197440	0.3069174	0.0298264	0.1378086	0.6030122	0.3988095	0.7516936	0.1417986	0.0452208	0.0949749	0.4592521	0.4275365	0.4246999	0.6268039	0.6918434	0.3285527	0.5376639	0.4603282	0.6472403	0.7986541	0.3232324	0.2771254	0.2906197	0.5080877	0.1394848	0.0168134	0.0190887	0.0245170	0.7719475	0.6785865	0.3179208	0.0000000	0.0000760	0.8141935	0.3029635	0.7258681	0.6454820	0.4400330	0.3449243	0.8166195	0.6880205	0.5943847	0.5716240	0.0345598	0.4178002	0.4781708	0.8067393	0.6622368	0.7394523	0.5631837	0.2936192	0.2646578	0.3007638	0.4184403	0.4102951	0.6076523	0.2893310	0.3011115	0.0666130	0.7858240	0.3269739	0.1367431	0.7408150	0.5656573	0.3354256	0.0040610	0.3684530	0.0436478	0.2837912	0.6947939	0.0458798	0.6029037	0.7421251	0.1705648	0.4136860	0.2814644	0.7103668	0.8310245	0.0000000	0.6009893	0.7294539	0.5987439	0.8830616	0.5729798	0.6917071	0.3928203	0.7486585	0.5146734	0.4802939	0.6107035	0.2992261	0.6190380	0.4844770	0.6083026
0.5883058	0.6721508	0.5057570	0.3932605	0.5131618	0.2535671	0.9079134	0.5023036	0.4380387	0.3437809	0.5338021	0.1616048	0.0998136	0.1439842	0.0515297	0.4818708	0.6910524	0.6163721	0.3828414	0.5581471	0.5787242	0.3625344	0.7065326	0.4612101	0.7586582	0.7474590	0.4440855	0.2337049	0.5845770	0.4466136	0.2108090	0.0107548	0.0184539	0.0424242	0.6365659	0.8207094	0.0000000	0.1244525	0.0619993	0.7434950	0.7104533	0.7513974	0.6558316	0.6616274	0.4678682	0.7776623	0.3307112	0.2862876	0.7648821	0.1076365	0.6648177	0.5074644	0.6384836	0.7623168	0.8497593	0.5277041	0.4193906	0.6800862	0.5182923	0.4540278	0.0981399	0.6760240	0.5262639	0.6198046	0.1127743	0.7177050	0.3235240	0.4155353	0.0409574	0.6455829	0.8429280	0.6348074	0.6135812	0.6033974	0.6648174	0.1597902	0.5655818	0.3586186	0.3379806	0.0777975	0.4268521	0.2707696	0.6354190	0.3319422	0.5585546	0.0979749	0.5295856	0.5156070	0.7786937	0.6727270	0.7760715	0.4969383	0.7616334	0.7075588	0.6528654	0.0000000	0.5922619	0.7044904	0.6530710	0.5896382
0.7923534	0.8592021	0.5036312	0.3276624	0.6857002	0.2437683	0.6629072	0.5571090	0.2560051	0.1419640	0.5105137	0.1354194	0.0775891	0.1374874	0.0630895	0.6146031	0.8336558	0.5243361	0.4100215	0.6634110	0.6002130	0.2945514	0.6431518	0.4174992	0.7021421	0.8290965	0.3674081	0.3346152	0.6308302	0.4961831	0.1056706	0.0625318	0.0186464	0.0290323	0.7078233	0.6002649	0.0000000	0.0890677	0.0372009	0.7598352	0.3690523	0.6656299	0.6734134	0.3420108	0.3330087	0.7669457	0.3182700	0.3044526	0.5506879	0.0809405	0.7392242	0.4732288	0.8619424	0.7835602	0.6757343	0.4593730	0.4525449	0.6514372	0.5623854	0.5144462	0.4706877	0.7292258	0.2064392	0.5742025	0.0617655	0.7270295	0.4676245	0.3302399	0.0887120	0.7182792	0.7980461	0.0000000	0.7727873	0.5930352	0.4508482	0.8224693	0.0428831	0.7836252	0.5561372	0.2226250	0.3617422	0.2880044	0.6325299	0.3834329	0.5904344	0.2193815	0.4187236	0.5848442	0.6352465	0.8035984	0.7168032	0.5011719	0.8219296	0.4745231	0.5381935	0.8063747	0.3447042	0.8205395	0.5715306	0.7739522
0.7710675	0.7415673	0.5677053	0.2846753	0.8098008	0.2085311	0.7667382	0.5657419	0.2768912	0.1714244	0.5095042	0.1833675	0.0735709	0.0908130	0.0332429	0.5336840	0.8517061	0.6511186	0.6107801	0.6312150	0.5766036	0.2842041	0.6506621	0.3967763	0.5933913	0.6833087	0.4006124	0.3600336	0.5482313	0.4273364	0.1526729	0.0155394	0.0317792	0.0207458	0.6950172	0.6805429	0.0000000	0.1238691	0.0633550	0.8205436	0.3027000	0.6621595	0.7672155	0.2549613	0.4930638	0.7476420	0.3518162	0.2616561	0.5882060	0.0322015	0.8439805	0.4629250	0.5203151	0.7341795	0.8375513	0.5641821	0.4254328	0.6720878	0.5535066	0.5558043	0.5565367	0.6885220	0.2494094	0.5969912	0.0669867	0.6761657	0.4183413	0.3862483	0.0000000	0.6708578	0.7730748	0.7710727	0.7732602	0.7185928	0.3833662	0.1935540	0.6006864	0.6506646	0.6814790	0.1816135	0.4311098	0.3347697	0.7957095	0.3280057	0.5228677	0.1577930	0.3440828	0.4485376	0.7260503	0.6787669	0.6087220	0.4325875	0.6938859	0.5464653	0.5172180	0.6610666	0.2847879	0.7487372	0.5855172	0.7392383
0.5647548	0.6389903	0.5089825	0.2446961	0.6582583	0.2695804	0.6603150	0.6244451	0.2883215	0.1139658	0.4396755	0.1245309	0.0746101	0.1474177	0.0199906	0.5162442	0.8198827	0.6665449	0.4838608	0.6665284	0.6192865	0.2491336	0.8170237	0.5408934	0.9339160	0.6772986	0.4656388	0.3632200	0.7135103	0.6520315	0.1923349	0.0665364	0.0285141	0.0195653	0.6757201	0.6715143	0.0000000	0.1155357	0.0496256	0.8066078	0.3192062	0.7257350	0.6832470	0.2974527	0.4130378	0.7944897	0.3211722	0.2966157	0.6570443	0.0447222	0.6390207	0.4965821	0.6129365	0.7281635	0.7088568	0.5483064	0.2493118	0.5669636	0.5705195	0.5851554	0.4003518	0.8362272	0.1907915	0.5883425	0.0511882	0.7591183	0.0000000	0.2942289	0.0668601	0.7839873	0.7513958	0.7597310	0.8014764	0.6777956	0.4784955	0.2632054	0.5214651	0.6288328	0.7168593	0.2056256	0.3655700	0.2983786	0.5709445	0.3737934	0.5063074	0.1163885	0.4342840	0.4633214	0.5921187	0.6705052	0.8516111	0.3718882	0.6486838	0.7875066	0.6562628	0.5991568	0.3106575	0.7518275	0.6119680	0.7052154
0.3951307	0.7928747	0.3997562	0.2754219	0.8007926	0.2976727	0.6488850	0.2141690	0.1841360	0.0000000	0.4608239	0.1065656	0.0750405	0.0950876	0.0422072	0.5035624	0.5967373	0.6289781	0.4983555	0.6253112	0.5533013	0.3515608	0.6110388	0.5278971	0.7338054	0.6955888	0.3699210	0.4608551	0.2221167	0.5251361	0.1271478	0.0497798	0.0193973	0.0481072	0.6086935	0.8238268	0.2901998	0.1766931	0.1167043	0.6235596	0.3193851	0.7464338	0.7271298	0.1937701	0.4445412	0.7029030	0.4713355	0.5298109	0.6389214	0.1073023	0.6164656	0.4803143	0.6355007	0.6419269	0.6681359	0.5097119	0.4647049	0.5630232	0.3405177	0.4615814	0.6678036	0.0000000	0.1371916	0.1699066	0.0657592	0.6658896	0.3262512	0.1207029	0.5707338	0.5560889	0.4869924	0.0272798	0.6913104	0.0450553	0.2711999	0.6420972	0.0197717	0.5829933	0.8066382	0.2692295	0.3711529	0.2459097	0.7393037	0.6236244	0.5572277	0.1133073	0.4795340	0.4222432	0.7295495	0.6499168	0.6049047	0.2938548	0.7435606	0.4681683	0.4994456	0.6652170	0.2972302	0.7205152	0.6118569	0.6119799
0.5364020	0.8299765	0.3523507	0.3823867	0.6470424	0.2357592	0.7387884	0.3652103	0.6170085	0.0000000	0.5991880	0.1068281	0.0550386	0.1338152	0.0499779	0.0662060	0.7830614	0.2699460	0.4913890	0.7185906	0.4951985	0.7343593	0.5768519	0.4060158	0.5615808	0.8625868	0.4237103	0.4941290	0.2995261	0.5142379	0.0772701	0.0368783	0.0431494	0.0242447	0.7909186	0.6202743	0.2956709	0.1037341	0.0745092	0.6997500	0.2713290	0.6586985	0.7695911	0.2469322	0.4943089	0.0000000	0.1629183	0.3227243	0.1646299	0.2780587	0.2947162	0.0018142	0.0323764	0.3649082	0.7222672	0.5489609	0.6053447	0.7835566	0.1629242	0.3183214	0.4758832	0.3745419	0.2221095	0.1733073	0.0618540	0.7472202	0.3854910	0.1433134	0.6074101	0.6966662	0.5448798	0.0178329	0.4423696	0.0170358	0.2052156	0.7423428	0.0319053	0.6619205	0.6840634	0.3758510	0.1922293	0.4913046	0.8056695	0.5128568	0.5239245	0.1275114	0.5227861	0.5529963	0.7639115	0.6207490	0.8531622	0.4275040	0.8294799	0.5392104	0.5501774	0.7787523	0.1883443	0.6478360	0.6357259	0.8299316
0.4708726	0.0017578	0.1252374	0.1407243	0.0000000	0.6508398	0.0350394	0.0923252	0.0600728	0.0782872	0.8197542	0.6409435	0.7962563	0.4888579	0.6292326	0.7733358	0.7145015	0.5967446	0.7649588	0.8185812	0.7030720	0.0026385	0.6237204	0.3446981	0.5598785	0.6087392	0.4125831	0.4402181	0.2500347	0.5922463	0.1565818	0.0173793	0.0156639	0.0585761	0.7302287	0.6682483	0.2823791	0.0966036	0.0723579	0.6343257	0.2542070	0.7554359	0.6529893	0.2772929	0.4032223	0.7669169	0.5057138	0.5106445	0.5378054	0.0066598	0.5528388	0.5174761	0.6783339	0.7276404	0.5495879	0.4651933	0.4134543	0.7012733	0.4228945	0.5706353	0.5662910	0.7253613	0.1483330	0.2582533	0.0926458	0.6928254	0.4420432	0.2076051	0.6192113	0.4267701	0.5193299	0.0070224	0.4979502	0.0683079	0.2671149	0.6992491	0.0355318	0.6173365	0.6356058	0.2707712	0.3288506	0.3518132	0.7874343	0.4704411	0.6225549	0.2087371	0.4784598	0.4568118	0.7051850	0.7906156	0.8149963	0.3545876	0.6773706	0.6245568	0.5348777	0.0000000	0.6787507	0.8554913	0.6524841	0.7188888
0.4761488	0.0027433	0.1095836	0.3484798	0.0000000	0.7563093	0.0145705	0.0323040	0.0220660	0.0094979	0.6385699	0.5917263	0.6622249	0.6536949	0.7714241	0.4570186	0.3906753	0.6603962	0.7312694	0.6959327	0.6105454	0.0022377	0.4642301	0.4431173	0.6430156	0.6169521	0.3962515	0.4002279	0.1926742	0.4236217	0.1667716	0.0523190	0.0471457	0.0230259	0.7424833	0.7275453	0.2865201	0.6829128	0.6174283	0.6738777	0.3105192	0.8159107	0.8815687	0.1389522	0.4960040	0.7100722	0.5439608	0.3801506	0.7025478	0.0224501	0.6178599	0.4045100	0.6792571	0.6280902	0.7972814	0.6265598	0.3881154	0.2732014	0.4206817	0.5152667	0.7464763	0.3553471	0.1734962	0.2037486	0.0880042	0.7449114	0.2523709	0.1681752	0.5452650	0.6447366	0.3867826	0.0126760	0.5857395	0.0248280	0.2438724	0.6492465	0.0555338	0.6152208	0.7189309	0.3292144	0.3072738	0.3800886	0.0000000	0.0292262	0.0080782	0.6293521	0.7923829	0.7078035	0.6687529	0.6104670	0.7294504	0.4036112	0.7206603	0.7084189	0.3968463	0.6331171	0.2715604	0.7427930	0.5980328	0.7450473
0.4949753	0.0094451	0.1129160	0.0875664	0.0000000	0.7983806	0.0189496	0.0454356	0.0573717	0.0151194	0.6156379	0.5091887	0.6724876	0.7036332	0.7647661	0.6729209	0.7302004	0.7772604	0.7432029	0.8988021	0.6194766	0.0019971	0.5393659	0.3668188	0.4828856	0.6795682	0.4502367	0.3315509	0.2351218	0.4940601	0.1629804	0.0204604	0.0252221	0.0145264	0.7568289	0.7699785	0.2549909	0.1395149	0.0529502	0.6337787	0.2915359	0.6783396	0.6734363	0.1932735	0.4915983	0.6669844	0.4139142	0.4119678	0.6381935	0.0344830	0.7388637	0.3610939	0.6161719	0.6084186	0.8786334	0.3835902	0.3427305	0.7563341	0.4535497	0.5267120	0.7703619	0.4499432	0.0000000	0.2137999	0.0827179	0.6783314	0.4069515	0.1417249	0.6236057	0.5120754	0.5729970	0.0246820	0.5835534	0.0314682	0.2435054	0.8412303	0.0354400	0.6945274	0.8072371	0.7747030	0.3599802	0.3632282	0.7936021	0.3383712	0.5217305	0.1300019	0.4631740	0.5727257	0.6346770	0.7707992	0.6654724	0.4267569	0.8541022	0.5650446	0.4288486	0.6838522	0.3312948	0.8165167	0.6826634	0.7432032
0.8451575	0.0025772	0.4047103	0.1498493	0.0000000	0.6901838	0.0162695	0.0191638	0.0224736	0.1133191	0.6931300	0.4795135	0.7280011	0.7549133	0.7293240	0.8124433	0.8173835	0.6872254	0.7260142	0.7119842	0.7798669	0.0006236	0.8296790	0.5687837	0.7906327	0.7198638	0.3009769	0.3124488	0.7295227	0.5121012	0.1620217	0.0451720	0.0271791	0.0551576	1.0127303	0.6831453	0.0000000	0.1183795	0.0586382	0.7022923	0.4243111	0.7921614	0.7204342	0.3033954	0.5007178	0.7216282	0.3317290	0.3012906	0.7341487	0.0358952	0.6326880	0.5432656	0.7948227	0.5575498	0.6073936	0.3942751	0.3519768	0.6724692	0.6062291	0.6568452	0.3988039	0.7496758	0.2708114	0.5806091	0.0990848	0.6970227	0.4111571	0.3166159	0.0349036	0.6520016	0.7046289	0.7792055	0.6613207	0.6384092	0.4831813	0.2033443	0.5733731	0.6292108	0.5895657	0.1713024	0.4399431	0.3597719	0.6290827	0.4453222	0.6014250	0.2218110	0.4356191	0.5115446	0.7302436	0.7771863	0.6736656	0.4662506	0.5890623	0.5414756	0.6516081	0.6640925	0.2213662	0.7088551	0.5265887	0.9084459
0.3731685	0.7108479	0.2170884	0.2485384	0.7273915	0.2287280	0.5866215	0.2739873	0.2451672	0.4120371	0.5119608	0.1350800	0.1179656	0.0963953	0.0419180	0.6115766	0.6618569	0.5881682	0.3562361	0.5208634	0.7662487	0.3359406	0.4332260	0.3734505	0.4644603	0.6984254	0.4090144	0.3582673	0.2661358	0.5850455	0.2000867	0.0396253	0.0244895	0.0113032	0.7082768	0.8537771	0.4649287	0.0867721	0.0328189	0.7848362	0.5671116	0.7721054	0.6974647	0.5389291	0.4804698	0.8221963	0.6183543	0.5673775	0.7049410	0.1048355	0.4383473	0.5864677	0.5373868	0.6392248	0.6281797	0.4327461	0.3404900	0.5169355	0.2378310	0.4055812	0.1140965	0.7552027	0.5617177	0.3948109	0.0598743	0.6900486	0.3437983	0.1305716	0.6754162	0.5494424	0.2580508	0.0112038	0.1836212	0.0514589	0.5856298	0.8714023	0.0654039	0.4236087	0.5128372	0.1120970	0.3749548	0.3341295	0.5509887	0.4499613	0.4309307	0.1547436	0.4348203	0.2486688	0.6829520	0.5998770	0.7961290	0.3716611	0.6731316	0.5414199	0.5301953	0.0000000	0.8103938	0.7568306	0.5769526	0.0000000
0.4622149	0.7417251	0.2581658	0.3106578	0.6818038	0.2694984	0.6141346	0.2450749	0.3067423	0.1473514	0.5026841	0.1598594	0.1198638	0.1395344	0.0889220	0.3774441	0.6455630	0.6433205	0.3054543	0.7710337	0.5926854	0.2834400	0.6169542	0.2684563	0.4838641	0.6564389	0.3931327	0.4405143	0.2338022	0.6267151	0.1823385	0.0481645	0.0444431	0.0147442	0.8115801	0.6677611	0.3341611	0.1212278	0.0674581	0.6947926	0.3399119	0.6335061	0.7090782	0.3529206	0.4241353	0.7897766	0.4927303	0.4988798	0.7439280	0.0661656	0.7470559	0.4034722	0.6859678	0.7111257	0.7809298	0.5587009	0.4414724	0.6989668	0.3565255	0.4779946	0.3660426	0.5768656	0.2849615	0.3450551	0.0920710	0.6824879	0.2641164	0.2559918	0.4912280	0.5122868	0.4268723	0.0103513	0.3192849	0.0408757	0.3545123	0.7204620	0.0479886	0.5395469	0.6091121	0.0853086	0.4842162	0.2709928	0.5893196	0.3930020	0.5701309	0.0952762	0.4577101	0.5061000	0.6233662	0.7111930	0.6644061	0.0000000	0.0000000	0.0938519	0.1250619	0.7920279	0.2511948	0.7086613	0.6049105	0.6597469
0.3795371	0.6834153	0.2621867	0.3190431	0.7590597	0.2515306	0.5931595	0.1654888	0.2137136	0.4746073	0.4459883	0.1048999	0.0864831	0.1182064	0.0294489	0.6036390	0.7139216	0.7814488	0.3951259	0.5371702	0.4051657	0.3449888	0.6317000	0.3393552	0.3694177	0.6571313	0.4074476	0.3174741	0.2042280	0.3694518	0.2787151	0.0252531	0.0209919	0.0517091	0.7246638	0.6749162	0.4128152	0.1333510	0.0419117	0.6377646	0.5301162	0.6858669	0.8161566	0.6098428	0.4942725	0.8428093	0.5276669	0.5695922	0.7322404	0.1316252	0.5840331	0.5295894	0.6248737	0.7660509	0.6997183	0.5422746	0.4050681	0.7285447	0.2714964	0.4401513	0.0978154	0.8191598	0.6097443	0.2839572	0.0698189	0.7265015	0.3418691	0.1954853	0.6866653	0.4811767	0.3424191	0.0033492	0.2309027	0.0288900	0.5495851	0.5977474	0.0433800	0.3298430	0.4407310	0.0874093	0.3801790	0.2610552	0.6937384	0.3444121	0.5727117	0.1525577	0.4243296	0.4796306	0.5729281	0.6124994	0.0000000	0.0653616	0.6993741	0.6618533	0.5918687	0.0000000	0.8055303	0.6665689	0.5816099	0.8901102
0.6173268	0.6670629	0.3127972	0.2256149	0.7301700	0.2664448	0.7514154	0.2933680	0.1689453	0.0765612	0.4647535	0.1263807	0.0904282	0.0992137	0.0230066	0.5608885	0.7331322	0.6080732	0.3747503	0.6900802	0.5216776	0.2593678	0.7146631	0.3024311	0.4354710	0.6765628	0.4952016	0.4298585	0.2725443	0.6996263	0.2115447	0.0421367	0.0348736	0.0310280	0.6808482	0.6075855	0.3404762	0.0527721	0.0568189	0.6640135	0.5530741	0.6713917	0.8660367	0.2748696	0.4113219	0.7279928	0.4595183	0.4161114	0.7158329	0.0269675	0.5409424	0.4344728	0.7648025	0.5992354	0.6673636	0.5042824	0.2935481	0.6387627	0.3937820	0.5492696	0.4182060	0.6860107	0.3393098	0.2542825	0.0516659	0.8017019	0.4626503	0.1707779	0.5828185	0.6364178	0.5056641	0.0044740	0.5165414	0.0250459	0.2862132	0.6928230	0.0163865	0.6005158	0.6437907	0.1343604	0.3456098	0.2724967	0.6464326	0.2924400	0.6134057	0.1556648	0.4752068	0.4253777	0.7512833	0.0000000	0.7134452	0.3973069	0.0000000	0.1875329	0.1687731	0.5329803	0.3011856	0.6311319	0.5998913	0.6261462
0.5671519	0.8178760	0.3417240	0.2696788	0.7421379	0.2102157	0.8679816	0.2590812	0.2620534	0.1332389	0.4327128	0.1562115	0.0520429	0.1301907	0.0392048	0.5744401	0.7195665	0.6079134	0.4429656	0.6124337	0.6606173	0.3178516	0.5437114	0.3350496	0.4586597	0.7564995	0.3388463	0.3867191	0.2517039	0.3955316	0.1771875	0.0301897	0.0310467	0.0184488	0.6847303	0.7406934	0.3004269	0.1075493	0.0625452	0.7698143	0.3853618	0.7156730	0.6526379	0.2926367	0.4698886	0.7854883	0.5783360	0.5689451	0.6554496	0.0553775	0.4992025	0.4405985	0.6268931	0.6496190	0.8936225	0.4654488	0.3829236	0.6417828	0.3624720	0.4660911	0.6045177	0.4638866	0.2274139	0.2225682	0.0613083	0.7701923	0.3627206	0.1052003	0.5868519	0.6689855	0.4290077	0.0032632	0.4077872	0.0484287	0.2191667	0.6675148	0.0318272	0.7008522	0.5125848	0.2023533	0.4086018	0.2766761	0.7682166	0.3294225	0.6293304	0.1304386	0.3926664	0.5283115	0.6791952	0.0000000	0.8324471	0.0000000	0.6694970	0.6730213	0.6370775	0.6287811	0.3247346	0.6603601	0.5423999	0.7371095
0.5025711	0.6619897	0.2191842	0.5238580	0.5757428	0.2214982	0.5872720	0.2177035	0.4093805	0.3555094	0.6240422	0.3511662	0.6597587	0.0836240	0.0452565	0.0892279	0.5141728	0.3142670	0.3149814	0.7005847	0.5438737	0.2992726	0.5777725	0.2937133	0.6811590	0.6552104	0.3216235	0.3947201	0.2331271	0.4687148	0.1390945	0.0477511	0.0393824	0.0465306	0.7456182	0.6803917	0.3112734	0.6671377	0.7285839	0.9115153	0.5984896	0.8044346	0.6670563	0.7853289	0.3765209	0.7404009	0.5693301	0.4989966	0.5212492	0.0994339	0.5676148	0.4452143	0.6747692	0.5763003	0.7307030	0.5981917	0.3414846	0.2209065	0.2582852	0.5608512	0.1130537	0.6536158	0.5134931	0.3761873	0.0593407	0.6287145	0.3587608	0.1052842	0.8397691	0.4853402	0.4035130	0.0131642	0.2212735	0.0280815	0.5552853	0.7289560	0.0872429	0.3808679	0.3752426	0.0799959	0.4931141	0.2697587	0.7849476	0.5715887	0.0000000	0.6794792	0.7526248	0.7127373	0.6831182	0.6988037	0.7382199	0.5109948	0.6682996	0.5940970	0.4908308	0.6637253	0.2972210	0.5983212	0.4766876	0.0000000
0.3782808	0.7106775	0.2685776	0.4808199	0.7733506	0.1721022	0.6682893	0.2677561	0.4006994	0.2314328	0.6468124	0.3510854	0.7141292	0.1284787	0.0340794	0.1186313	0.3833890	0.3897275	0.4269507	0.6295113	0.6264160	0.2531677	0.4655988	0.3209789	0.6934372	0.7675160	0.4285281	0.4841394	0.2226124	0.5869876	0.1845360	0.0343605	0.0084804	0.0280894	0.8198728	0.6506541	0.3369129	0.8506337	0.6235231	0.7503252	0.3477998	0.7624786	0.5721616	0.3975360	0.4848754	0.7874423	0.5097062	0.4397593	0.6341233	0.0567462	0.6350543	0.5106712	0.7808259	0.5166334	0.7174050	0.4687657	0.2782720	0.2684358	0.2852407	0.4717586	0.4374690	0.7721808	0.2969267	0.3008852	0.0857105	0.6850658	0.3225632	0.1298209	0.6305927	0.4199746	0.3242602	0.0048306	0.3806052	0.0095328	0.3622440	0.7265285	0.0813605	0.5517245	0.6226992	0.1766087	0.3004526	0.3920559	0.8252051	0.7540642	0.0000000	0.8173391	0.0000000	0.7102642	0.7365770	0.8846511	0.8035346	0.4503546	0.6330507	0.5080215	0.4634125	0.7496479	0.3107174	0.6306867	0.6319682	0.8305697
0.4819049	0.6453056	0.2451345	0.5054169	0.6210109	0.2243350	0.5824482	0.2122363	0.2580437	0.1926209	0.7653484	0.3181535	0.7042638	0.1239857	0.0498712	0.0940816	0.4502208	0.3231671	0.5392163	0.8836425	0.5502712	0.4523209	0.6553906	0.3480060	0.7447417	0.6695298	0.4772112	0.3500875	0.2213110	0.5376990	0.1437487	0.0163972	0.0425077	0.0356232	0.8364109	0.7272849	0.2998480	0.7406093	0.7011547	0.5805542	0.4108948	0.8328625	0.6547268	0.3586682	0.4409305	0.9135607	0.6253809	0.4119434	0.7617318	0.0844610	0.5683197	0.4337656	0.7343710	0.6920513	0.7467396	0.5283448	0.3992626	0.2999644	0.3840630	0.5177222	0.3217779	0.6817015	0.3853972	0.3964457	0.0898153	0.6853561	0.3007843	0.1768522	0.6315617	0.4297122	0.4750694	0.0103421	0.5202211	0.0329392	0.3983140	0.7768558	0.0516126	0.6615634	0.5233434	0.1519234	0.3183373	0.3632032	0.0000000	0.0316963	0.0000000	0.6984860	0.7570980	0.8136299	0.6662552	0.7300523	0.7350463	0.4690209	0.7862554	0.6172348	0.5951449	0.7191587	0.3395612	0.7127763	0.5428452	0.7980048
0.4300256	0.6702027	0.2960623	0.3594396	0.6692767	0.2443869	0.7424736	0.2363496	0.2385487	0.1446140	0.5087994	0.1225399	0.0686187	0.1317339	0.0571609	0.6189332	0.8045467	0.6111349	0.4022516	0.7190033	0.5517367	0.3557931	0.4816433	0.2494464	0.7062265	0.7456182	0.4817878	0.3245193	0.2490746	0.5116006	0.2748611	0.0444355	0.0366437	0.0282011	0.7787007	0.5957016	0.2913993	0.0904959	0.0476504	0.6573587	0.4253936	0.7179179	0.7223242	0.2600771	0.4055089	0.7109523	0.4661558	0.5385144	0.6445740	0.0370564	0.5486696	0.4509308	0.7411457	0.6881431	0.7366920	0.5169938	0.3840272	0.6887935	0.3022116	0.4336529	0.3395641	0.5983906	0.2981896	0.3165378	0.0644505	0.7842396	0.3460896	0.1339014	0.6104206	0.4136755	0.5095662	0.0000000	0.4660513	0.0384130	0.0000000	0.8386556	0.0248123	0.5272662	0.5693833	0.1489204	0.3581033	0.3632459	0.6045966	0.3591527	0.5374996	0.1582097	0.3833621	0.5427934	0.6874810	0.8447036	0.6316366	0.3399738	0.7349659	0.6357351	0.5367124	0.7494677	0.2403389	0.7139290	0.5179402	0.6500143
0.4457603	0.7562054	0.3410808	0.3239853	0.6554637	0.2308024	0.6648696	0.3772580	0.2416384	0.1796852	0.4204485	0.1111121	0.1140591	0.1706982	0.0499441	0.6696656	0.7401018	0.5524271	0.3842421	0.5910583	0.5740965	0.2815566	0.5944776	0.3451719	0.4369304	0.6838470	0.3678477	0.4866423	0.1813156	0.5088507	0.1780882	0.0511587	0.0191080	0.0396499	0.7761372	0.8552055	0.4706024	0.0864071	0.0393062	0.6188602	0.3839158	0.7455309	0.8017706	0.3999835	0.4281655	0.8676874	0.4555539	0.5076132	0.7164504	0.0437032	0.4968071	0.4654268	0.7238564	0.6456977	0.6809364	0.5514349	0.3395984	0.4985659	0.2431175	0.3887255	0.3429153	0.6019301	0.3227756	0.2966366	0.0746609	0.8010823	0.0000000	0.3296652	0.0000000	0.4928885	0.3460402	0.0037773	0.5274396	0.0133542	0.4175050	0.6726739	0.0084646	0.5727024	0.5259832	0.1437232	0.3961275	0.2987270	0.6516756	0.3984455	0.5324345	0.1748653	0.4564303	0.4424980	0.6422434	0.6862956	0.8591538	0.4359139	0.6193114	0.6165039	0.5110528	0.7676615	0.3112001	0.6524752	0.5281021	0.6968505
0.4501447	0.6486354	0.2565880	0.2498860	0.7056197	0.2600088	0.6146778	0.3153395	0.2261830	0.1555596	0.4719008	0.1485396	0.1010942	0.0770354	0.0233080	0.4707188	0.7037853	0.6519252	0.4074827	0.6669131	0.6481891	0.3486230	0.5108523	0.3308791	0.5330235	0.7131578	0.3630092	0.3892614	0.2924835	0.5593324	0.1332392	0.0406202	0.0296391	0.0183069	0.7936370	0.6204662	0.3130637	0.0850627	0.0399055	0.6261982	0.3825234	0.7035881	0.6867557	0.2965364	0.3301946	0.6416989	0.5951239	0.4165235	0.5912072	0.0303335	0.6204133	0.4421654	0.6341815	0.6872050	0.7898661	0.5352547	0.3555361	0.6350230	0.3542660	0.4059029	0.4203803	0.6080969	0.3036639	0.0000000	0.0911925	0.6990725	0.3130437	0.1323142	0.6295594	0.4908267	0.4969602	0.0330272	0.5224640	0.0297424	0.3843493	0.7637158	0.0238313	0.5120958	0.5821483	0.1339213	0.4043420	0.3526810	0.7812208	0.4345779	0.5764193	0.1757800	0.4004839	0.5043809	0.8100902	0.7624843	0.6444219	0.0000000	0.8071971	0.5261865	0.5637916	0.8086094	0.3100447	0.7378829	0.5783005	0.6481109
0.3379933	0.7565650	0.3116367	0.3615521	0.6634892	0.2401898	0.5849324	0.2818638	0.2257837	0.1492042	0.4806363	0.1475595	0.0718285	0.1072133	0.0354890	0.5053303	0.8328669	0.6516678	0.4429426	0.6315137	0.6214975	0.3000187	0.5572720	0.2713710	0.5551487	0.7609032	0.3623862	0.2250013	0.2288909	0.4856013	0.2462514	0.0258582	0.0211301	0.0204314	0.7813096	0.6526642	0.3487040	0.0767142	0.0317065	0.6878944	0.3262344	0.6917414	0.6022892	0.2309344	0.4617302	0.6619174	0.4196655	0.4151253	0.6089390	0.0848724	0.4661730	0.4553018	0.7443602	0.5903679	0.6987358	0.5988082	0.3136204	0.6505247	0.2728335	0.4796962	0.5952899	0.6136065	0.3189779	0.0000000	0.0979493	0.7655111	0.2453229	0.1059724	0.6078401	0.6878717	0.4911812	0.0343436	0.4474215	0.0498586	0.3068912	0.7115927	0.0238624	0.7242392	0.6089886	0.1895668	0.4419242	0.3149973	0.8524590	0.5337393	0.6303586	0.2117242	0.4108297	0.4417304	0.6053875	0.0000000	0.7506178	0.4214556	0.7566119	0.5836160	0.4218723	0.7269745	0.2984621	0.7044065	0.6077172	0.7566924
0.5774506	0.7520691	0.3130137	0.2972791	0.6665139	0.2434820	0.5844651	0.2403687	0.1760983	0.7002567	0.5919273	0.0743369	0.0717090	0.1603914	0.0780519	0.5058725	0.7280635	0.6885514	0.6608737	0.7161929	0.5229878	0.3771774	0.4953230	0.2895900	0.3505647	0.6831743	0.3578267	0.3459030	0.2240285	0.6110336	0.1781553	0.0210143	0.0527688	0.0411374	0.8206240	0.7180921	0.4651407	0.0731950	0.0374335	0.6421226	0.3030922	0.7294966	0.8204410	0.1814862	0.4266401	0.7468926	0.6007880	0.5019392	0.5477319	0.1794589	0.5077362	0.4294004	0.6183924	0.5859483	0.6345505	0.5520656	0.3843355	0.5881855	0.2902159	0.5514336	0.5021583	0.0000000	0.2130709	0.1588838	0.0643285	0.7048035	0.3743854	0.1149248	0.5522677	0.5570320	0.3510181	0.0028038	0.2325221	0.0494585	0.2199693	0.6581877	0.0192770	0.6569059	0.6682577	0.2101031	0.3146568	0.2557223	0.7515310	0.4840044	0.5419676	0.1547614	0.3525089	0.3156063	0.6454789	0.6759670	0.6991625	0.5627403	0.6328153	0.5573930	0.3884438	0.8739531	0.3082956	0.9836690	0.5719783	0.0000000
0.5742106	0.7089317	0.2435516	0.3099785	0.7156142	0.2385632	0.6751118	0.1460123	0.2799085	0.6821204	0.5598469	0.1150285	0.1079299	0.1287957	0.0701957	0.5320753	0.6599492	0.5742602	0.4740529	0.6023829	0.6210893	0.2774447	0.6059285	0.4332402	0.5218926	0.6201167	0.3942751	0.5287299	0.2982507	0.5654450	0.1149031	0.0429109	0.0304474	0.0477216	0.6937549	0.7818336	0.4174958	0.1357352	0.0850639	0.7496350	0.2970559	0.7406827	0.5501188	0.2720304	0.5047205	0.7169139	0.5636188	0.5406597	0.5690156	0.2093910	0.5194044	0.3965054	0.6761224	0.6524015	0.7543476	0.6729624	0.4011532	0.7009842	0.2693359	0.4285436	0.6851937	0.0000000	0.1301831	0.1267962	0.0813606	0.8993129	0.4726826	0.2120736	0.6029005	0.4179539	0.2529219	0.0169597	0.2495548	0.0419615	0.2106182	0.8352533	0.0411725	0.6052095	0.7168206	0.3323067	0.3135491	0.2934124	0.6844721	0.3834919	0.5867190	0.1472639	0.4319286	0.5405987	0.6121806	0.7591804	0.7878279	0.5161723	0.8658120	0.5407735	0.4047487	0.0000000	0.7856408	0.5977297	0.5603487	0.6072096
0.3844944	0.7166332	0.3362039	0.3008155	0.7473457	0.2432652	0.5674271	0.2068077	0.2356220	0.1360798	0.4119748	0.1614849	0.1443893	0.1267492	0.0683376	0.5062886	0.6714874	0.6867420	0.5109083	0.5470259	0.4844788	0.2541491	0.4856123	0.3799501	0.5866087	0.6220259	0.4484218	0.3822293	0.1359565	0.5186885	0.1507395	0.0186339	0.0278319	0.0316583	0.7562987	0.8752255	0.3497315	0.1140092	0.0563212	0.6796036	0.3652274	0.6224899	0.7827459	0.3171015	0.4867686	0.7971673	0.5087663	0.4759448	0.6464499	0.0316823	0.5087820	0.4203755	0.7310677	0.7318039	0.0000000	0.4961981	0.4136074	0.7601439	0.3049155	0.4503169	0.3680703	0.5416413	0.3320468	0.2969559	0.0692627	0.7975815	0.3599773	0.0943376	0.6504113	0.4628792	0.4532288	0.0211308	0.4192486	0.0536073	0.3608732	0.7085707	0.0504472	0.6168242	0.5261335	0.1485495	0.4554828	0.1881217	0.7413103	0.4468829	0.6532649	0.1929417	0.3555241	0.5264772	0.6623005	0.6275413	0.8185313	0.4384200	0.7211155	0.5129740	0.6971948	0.8404837	0.3390346	0.6460951	0.0000000	0.7781544
0.4756876	0.7656800	0.2624176	0.3227540	0.5625892	0.2380127	0.5755399	0.2477448	0.3030473	0.1847186	0.4945864	0.1134471	0.0721510	0.1023044	0.0309004	0.5453039	0.5835221	0.6583411	0.4041107	0.6391959	0.7451757	0.2596497	0.4362978	0.4154791	0.5171576	0.7705697	0.4375624	0.4149729	0.2143074	0.5268690	0.2250542	0.0856375	0.0109998	0.0123414	0.7121505	0.6391062	0.2938043	0.1667935	0.0462002	0.6790929	0.4652138	0.5530502	0.8408474	0.4353123	0.3732380	0.6460255	0.4061654	0.4272394	0.6214956	0.0250895	0.4974688	0.4667674	0.5217139	0.7346277	0.0000000	0.4382309	0.3118567	0.4661447	0.3756270	0.4991582	0.3060797	0.6329119	0.3196049	0.3947780	0.0393383	0.6212111	0.3543209	0.1833307	0.5863832	0.4740319	0.4915276	0.0108599	0.5420570	0.0567109	0.3529645	0.9511549	0.0290914	0.6894344	0.5646379	0.1312387	0.5450407	0.0000000	0.6078381	0.5781826	0.5309266	0.1190289	0.5568657	0.5867337	0.6372471	0.6803792	0.7557318	0.4400798	0.6370399	0.5112276	0.3998664	0.6487810	0.3337499	0.7393199	0.5215091	0.7201856
0.3903547	0.6338316	0.3255076	0.1627125	0.7117705	0.2266845	0.6930572	0.2360319	0.1344828	0.1824342	0.3864606	0.1570639	0.0939651	0.1087205	0.0703884	0.4525045	0.7929948	0.5137335	0.4157104	0.5538990	0.6041362	0.2582844	0.5846736	0.3959519	0.3945845	0.7863263	0.4590704	0.4214696	0.2369593	0.4189945	0.1941664	0.0313292	0.0205185	0.0227443	0.8613587	0.6916727	0.3063358	0.2107183	0.0378224	0.7114978	0.4144335	0.7551451	0.7807412	0.2709088	0.4571750	0.7963371	0.4780465	0.4873388	0.6405682	0.0417815	0.5719668	0.4356830	0.6703396	0.0000000	0.3182347	0.6007117	0.3327517	0.6697650	0.4011817	0.4700520	0.2439464	0.6573746	0.3236380	0.2791950	0.1085060	0.6913961	0.3789150	0.1283073	0.6737150	0.4407699	0.4360921	0.0076866	0.3843208	0.0490244	0.4289044	0.5886213	0.0200236	0.6104475	0.6061336	0.1616032	0.0350268	0.7217274	0.9029273	0.3587587	0.7799314	0.1528288	0.3845672	0.5002525	0.6693815	0.6811116	0.6827625	0.4119730	0.6945758	0.5377221	0.5097423	0.7528772	0.2675620	0.7439601	0.0000000	0.8200633
0.5098236	0.6759617	0.2874444	0.2826017	0.7608291	0.2477624	0.6310758	0.2115367	0.2431119	0.1491893	0.5461621	0.1377636	0.0860500	0.1496146	0.0407779	0.5517563	0.7338023	0.5216870	0.5516298	0.7072527	0.4938274	0.2100853	0.5561431	0.3362298	0.6164019	0.7288932	0.4404074	0.3208938	0.3023315	0.5148593	0.2253165	0.0190073	0.0664669	0.0363260	0.8417254	0.6869530	0.3328553	0.0967853	0.1272177	0.8264638	0.4987334	0.6335193	0.7416648	0.2446242	0.4696975	0.7348105	0.4681244	0.5025658	0.5095096	0.0502449	0.5829307	0.4332710	0.6547181	0.0000000	0.4004725	0.4432927	0.3982038	0.6859198	0.3524676	0.4595361	0.3553333	0.5108611	0.2551205	0.1900995	0.0734078	0.6909615	0.5149137	0.1529939	0.6648429	0.5138149	0.4632400	0.0082299	0.4803129	0.0270687	0.3746132	0.7040781	0.0351948	0.5601732	0.6295500	0.1637431	0.0152876	0.0000000	0.5743492	0.4529461	0.4428588	0.1569220	0.4186854	0.6513903	0.6593572	0.6698693	0.5959400	0.5300159	0.6564559	0.6067671	0.5155949	0.7830553	0.2785097	0.7450069	0.6591151	0.7114642
0.4517829	0.7977664	0.2673692	0.4791939	0.8267675	0.2627798	0.7029039	0.2514096	0.4793892	0.4558655	0.3833174	0.1301013	0.0694077	0.0889954	0.0349588	0.0489310	0.8286143	0.2772425	0.4881013	0.4877529	0.5780959	0.7641572	0.4966695	0.3173781	0.5376969	0.7666128	0.3182201	0.3473275	0.2292848	0.5479799	0.1809557	0.0198076	0.0235121	0.0091360	0.5993007	0.8312752	0.3053369	0.0977455	0.0839331	0.7809643	0.6286172	0.7278063	0.6909867	0.4933706	0.4199021	0.0000000	0.1307965	0.3379760	0.1700290	0.2642450	0.1756397	0.0064998	0.0659609	0.6357948	0.6730700	0.6649203	0.6150847	0.6061199	0.2502155	0.3607463	0.0843501	0.7782249	0.4748421	0.4575994	0.1216314	0.7547286	0.3318026	0.1634061	0.6422843	0.6766108	0.4652078	0.0198732	0.5692909	0.0309042	0.5120650	0.7537707	0.0505350	0.3395133	0.3653523	0.0813120	0.2800424	0.4556510	0.7381998	0.4256270	0.6333667	0.1275298	0.4595031	0.1742660	0.7306541	0.6229234	0.7409229	0.4094140	0.7199234	0.6049727	0.4443236	0.6428174	0.3584914	0.7034922	0.6047757	0.0000000
0.5474069	0.7476475	0.2996775	0.5375879	0.7475573	0.2608216	0.6793855	0.2132633	0.4632439	0.4744761	0.5787047	0.1727585	0.0514128	0.1202832	0.0757736	0.1127980	0.6410556	0.2383498	0.4006521	0.6452653	0.5813327	0.6757580	0.6242666	0.3584384	0.4460007	0.6159958	0.3860482	0.3259631	0.1941029	0.5461417	0.2316146	0.0173603	0.0298057	0.0244968	0.9049684	0.7275537	0.3529070	0.1641180	0.0455771	0.6006977	0.6223845	0.5630569	0.7020123	0.5426745	0.5089966	0.0000000	0.1443785	0.3015311	0.2002409	0.3817901	0.1897446	0.0058122	0.0435613	0.6022226	0.5667815	0.6155718	0.7107202	0.6841931	0.1675603	0.3508632	0.0672702	0.6915165	0.4589760	0.4551607	0.0560658	0.7151280	0.3482287	0.1279549	0.7085570	0.4192450	0.4892775	0.0099076	0.4751173	0.0631987	0.4628791	0.7638686	0.0423198	0.4014409	0.3829215	0.0564001	0.2673649	0.5528791	0.7946011	0.4528737	0.5796538	0.1894314	0.3589543	0.4113832	0.5956058	0.7220196	0.7389893	0.4098764	0.6829572	0.6598991	0.4949234	0.0000000	0.7019530	0.8210684	0.5237357	0.7063562
0.3733817	0.8083736	0.2722553	0.6039798	0.8138107	0.1919574	0.7761482	0.2480405	0.7114116	0.1210344	0.7354610	0.4022272	0.8005746	0.0836529	0.0197293	0.1127413	0.2289631	0.0022975	0.4392098	0.6156418	0.6133753	0.6916003	0.6429647	0.4145689	0.7591216	0.5715120	0.3423701	0.4613112	0.2370580	0.4978526	0.3022437	0.0204050	0.0188158	0.0213740	0.7363274	0.7329221	0.2705585	0.8414009	0.6448678	0.8338421	0.3561992	0.6817641	0.7691450	0.3170732	0.4067392	0.0000000	0.2153834	0.3165080	0.5938684	0.2009574	0.1954119	0.0081061	0.0453943	0.6198854	0.6931361	0.7446258	0.7001409	0.6714265	0.0765215	0.3222548	0.3231791	0.6761706	0.3365981	0.2790165	0.0594659	0.7371232	0.4121628	0.1813668	0.6256954	0.7537873	0.4067834	0.0055384	0.3812267	0.0423987	0.3551502	0.6232303	0.0171516	0.5722728	0.6242149	0.2094548	0.2272108	0.4663312	0.0000000	0.0309983	0.0001320	0.6662117	0.7297710	0.7872480	0.6814566	0.7102074	0.6719755	0.3543269	0.8111040	0.5519453	0.5109589	0.7457765	0.3287571	0.7238096	0.5683529	0.6595689
0.7104746	0.6306419	0.2965866	0.4630056	0.6408629	0.3433543	0.7631199	0.2880803	0.4618751	0.1573596	0.5508089	0.1196971	0.0959879	0.1013399	0.0264837	0.1432578	0.7795919	0.2616327	0.4506396	0.6331805	0.6278501	0.8075862	0.5406474	0.2707948	0.5127176	0.5577214	0.3504256	0.5156765	0.2605117	0.5612908	0.1250874	0.0451249	0.0183635	0.0528538	0.6753395	0.7607202	0.2802290	0.1652463	0.0234620	0.7411456	0.3338256	0.7356750	0.6116437	0.3812657	0.4683518	0.0000000	0.1734724	0.2195379	0.1993872	0.1595294	0.2719765	0.0035827	0.0349346	0.4147629	0.7644308	0.6465139	0.6683244	0.8431523	0.2798765	0.3181586	0.3250506	0.5828320	0.2870084	0.3748055	0.1387124	0.7267820	0.2627066	0.1526970	0.4525396	0.5692393	0.6069601	0.0121993	0.6208020	0.0339324	0.0000000	0.6880061	0.0418532	0.6442752	0.7439228	0.2557745	0.2259555	0.6050999	0.6622535	0.3491822	0.4653422	0.1346257	0.3949337	0.4441714	0.8799274	0.8017041	0.7871302	0.5298579	0.7412689	0.4838903	0.5510525	0.6724128	0.3038990	0.6490800	0.6133468	0.7132447
0.4710783	0.8024235	0.3135166	0.4343339	0.7055668	0.2855377	0.6923816	0.2544773	0.6049245	0.1593899	0.5341865	0.1842015	0.0647644	0.1395932	0.0659445	0.1015741	0.7521353	0.3241358	0.5309969	0.6796114	0.6095370	0.6590625	0.4952785	0.3582044	0.5175475	0.6987071	0.3958864	0.3257921	0.2188634	0.6177786	0.2152983	0.0455615	0.0203458	0.0373297	0.7196130	0.7349132	0.2982437	0.1047304	0.0579702	0.7405819	0.3652423	0.8188455	0.7964732	0.4313742	0.4500280	0.0000000	0.1102924	0.1920034	0.1158775	0.2212391	0.2277744	0.0052896	0.0218253	0.5088510	0.7298968	0.6970780	0.6129784	0.6424617	0.1365805	0.2909099	0.3638608	0.6832067	0.3523802	0.3935756	0.1053026	0.6007843	0.4036143	0.1665611	0.5416171	0.6542122	0.4789471	0.0000000	0.4791064	0.0313429	0.3786112	0.8568532	0.0252618	0.5913466	0.6424514	0.1572821	0.2802368	0.3919242	0.8400315	0.5217766	0.5957223	0.1182247	0.4484847	0.4846500	0.6697433	0.7588079	0.6937851	0.4114093	0.6958015	0.5288635	0.4804540	0.7740011	0.3431824	0.7187275	0.6300986	0.8462405
0.6001313	0.6068630	0.3944629	0.4064199	0.7845308	0.2250005	0.7796447	0.3959071	0.6473075	0.1844856	0.4832677	0.1223624	0.1547192	0.1115463	0.0304575	0.0732972	0.7107094	0.2892477	0.5318328	0.5684083	0.5941428	0.6457188	0.6844891	0.3251847	0.5776972	0.8780697	0.3857567	0.3417225	0.2813787	0.4496949	0.1612959	0.0198895	0.0430174	0.0387907	0.5808476	0.7856038	0.2297542	0.1330417	0.0402908	0.6173239	0.3230185	0.8494514	0.6141803	0.4056019	0.4318735	0.0000000	0.1245444	0.1465543	0.1815767	0.1631469	0.2674836	0.0039254	0.0360306	0.5490497	0.7665676	0.5862581	0.0000000	0.8360088	0.2106302	0.3123682	0.3399827	0.6421803	0.3055305	0.3211748	0.1080202	0.7160361	0.3748686	0.1228452	0.5813257	0.6997146	0.5072388	0.0436969	0.5047638	0.0540000	0.3506331	0.6201809	0.0409840	0.5915535	0.5452075	0.1625357	0.3827031	0.3780531	0.5744963	0.5246805	0.5224408	0.1016223	0.4771517	0.4383112	0.6185993	0.6180125	0.7968159	0.5518165	0.7217207	0.5742699	0.4826778	0.7399597	0.3125762	0.6168678	0.5231066	0.6037367
0.4403667	0.7867919	0.3033070	0.4221965	0.6611950	0.2615469	0.6889418	0.2700971	0.6361567	0.2436047	0.5496186	0.1352383	0.1355070	0.1444714	0.0408638	0.1287287	0.7417529	0.2359045	0.5078011	0.6643816	0.5540025	0.8349018	0.6684208	0.3285178	0.4947761	0.8179586	0.3144238	0.5149739	0.2274685	0.6433629	0.1422606	0.0611264	0.0273748	0.0281704	0.8848369	0.7254652	0.2779050	0.0847415	0.0298545	0.6495225	0.4504611	0.7122669	0.6257538	0.4729927	0.4266158	0.0000000	0.2100767	0.3002213	0.1805149	0.1932332	0.1801927	0.0062447	0.0409702	0.5230573	0.0000000	0.7503313	0.7031670	0.7887262	0.2181813	0.2942644	0.3719378	0.6719755	0.3489780	0.2046378	0.0785508	0.5846589	0.4591022	0.1383619	0.5883601	0.4659700	0.4565331	0.0046973	0.4976067	0.0298590	0.3578824	0.7958742	0.0219012	0.5406309	0.6924231	0.1549108	0.3356179	0.5127870	0.6130992	0.4343030	0.5983878	0.2315495	0.4001973	0.5114496	0.6722317	0.6481488	0.7111211	0.4429606	0.7414105	0.6174363	0.4933214	0.5851010	0.3556882	0.7295666	0.6683335	0.6858765
0.4963903	0.7687376	0.3572806	0.5542802	0.9227624	0.1826601	0.7458493	0.2484065	0.6095835	0.1690617	0.5131034	0.0911591	0.0809974	0.1106095	0.0259797	0.0842940	0.6426312	0.2382277	0.4946800	0.6122439	0.5823536	0.6615457	0.5273492	0.3750280	0.4341277	0.5882663	0.2577113	0.4829597	0.2082612	0.5325615	0.1549383	0.0308284	0.0322503	0.0147215	0.6460173	0.6327038	0.3501323	0.1303702	0.0915394	0.7468793	0.3989480	0.6133083	0.7806530	0.2369171	0.4596257	0.0000000	0.1599479	0.3464919	0.1284138	0.1541040	0.2882354	0.0102563	0.0266488	0.0000000	0.6258530	0.8568676	0.6001181	0.7643790	0.0747384	0.3312984	0.3727073	0.6218540	0.2274664	0.2077915	0.0760541	0.6350287	0.2768518	0.1678205	0.7227134	0.5451610	0.4847852	0.0061618	0.5184257	0.0490147	0.3043215	0.6514220	0.0251895	0.6211654	0.7328103	0.1143577	0.0302089	0.7294400	0.6502398	0.3376626	0.5237263	0.1551541	0.4583596	0.4699669	0.6433240	0.6446388	0.6891336	0.3440326	0.6256597	0.5004122	0.5477313	0.8185508	0.2885416	0.6916928	0.5301504	0.6662498
0.4382637	0.7407428	0.2895772	0.3835435	0.7186749	0.3093695	0.6583815	0.2065108	0.2653072	0.3295051	0.5479510	0.1082668	0.0737863	0.0880868	0.0666211	0.4219772	0.7185931	0.5966767	0.5078249	0.6356440	0.6195023	0.3180542	0.4406787	0.3211422	0.4750010	0.6679558	0.3907519	0.5092345	0.3139350	0.5373970	0.1372030	0.0229488	0.0564127	0.0354913	0.6393077	0.7640395	0.3228458	0.1248949	0.1059951	0.7650015	0.2488217	0.7970492	0.9804484	0.3292920	0.0000000	0.6537357	0.4439972	0.5450130	0.5950435	0.2727618	0.7199263	0.5000489	0.7515283	0.5800004	0.7052852	0.4657973	0.3504019	0.5618542	0.3476919	0.4683982	0.5051379	0.0000000	0.2004611	0.1710549	0.0908438	0.6854366	0.3572979	0.1553720	0.7062623	0.5600609	0.3773013	0.0035249	0.3692202	0.0131130	0.2819696	0.7446216	0.0316260	0.8355034	0.8041358	0.2581580	0.3433105	0.3722039	0.7972512	0.4451902	0.4902080	0.1330024	0.4093958	0.4886438	0.6820566	0.5793187	0.7621281	0.5076968	0.7452164	0.6454910	0.5517800	0.6975568	0.2936126	0.7229885	0.5726159	0.7729025
0.3981006	0.7373675	0.3990698	0.4467011	0.6373220	0.2662838	0.6428435	0.2882900	0.1833745	0.1939323	0.5670627	0.1048306	0.1027014	0.1050887	0.0329496	0.5706130	0.8188645	0.5755428	0.5410842	0.7697710	0.5907445	0.2624080	0.6395373	0.3399123	0.6138946	0.6886531	0.2807530	0.4355855	0.1948932	0.4359049	0.0592461	0.0247725	0.0263241	0.0456589	0.7229076	0.7470336	0.2548999	0.0902988	0.0795602	0.6805935	0.2491397	0.6876643	0.7248854	0.0000000	0.3371764	0.7596641	0.4021002	0.5733798	0.6247461	0.1140467	0.8310569	0.4583761	0.5760859	0.7989832	0.7536123	0.5991691	0.4021572	0.7931688	0.4817790	0.4657136	0.6787440	0.0925881	0.0101011	0.0204719	0.0690769	0.6681059	0.3321919	0.1449540	0.5122694	0.5838327	0.5018843	0.0173412	0.4617818	0.0634383	0.2119798	0.7539904	0.0417173	0.6192624	0.7586750	0.6731935	0.3513762	0.4328006	0.6688969	0.4470502	0.5385383	0.1165434	0.4725066	0.2530913	0.6575603	0.8211444	0.8058822	0.5454362	0.6867010	0.4927748	0.4300815	0.5870135	0.2988121	0.6892865	0.5105387	0.0000000
0.5378127	0.5501852	0.1990270	0.3416162	0.6419179	0.2743092	0.6882789	0.2012551	0.2028380	0.0163958	0.4693517	0.0997590	0.1534790	0.1510209	0.0401884	0.5078058	0.6742822	0.5913947	0.4275482	0.5974870	0.6522822	0.2259333	0.5396017	0.4293856	0.6115215	0.7163564	0.4423557	0.5265429	0.1976710	0.5464453	0.0671145	0.0102551	0.0173038	0.0390477	0.9212953	0.6819969	0.2608216	0.0572536	0.0620720	0.6899351	0.4344043	0.7949280	0.8102102	0.0000000	0.3362361	0.7025580	0.4005599	0.3550102	0.6746051	0.0922535	0.5432604	0.3300149	0.6979980	0.5325757	0.5669746	0.4613764	0.4849000	0.6197833	0.3846472	0.6370238	0.6339981	0.0781178	0.0058285	0.0036092	0.0744731	0.6563104	0.3060949	0.1711087	0.5864185	0.5884407	0.4343232	0.0056853	0.6152987	0.0403551	0.2494023	0.7733449	0.0866404	0.7058944	0.6834740	0.7212508	0.3342016	0.3752803	0.9138435	0.3891290	0.5946819	0.0988293	0.3710368	0.6031037	0.7476914	0.6412374	0.6935796	0.4405469	0.0000000	0.0375720	0.0634588	0.8700955	0.2841924	0.7026949	0.5236592	0.7109886
0.5592048	0.9354904	0.2853635	0.3220332	0.7541293	0.3222069	0.6738878	0.2517392	0.2545551	0.2713564	0.5900954	0.1598573	0.0765981	0.1723339	0.1213821	0.5429656	0.8053050	0.7413512	0.5708971	0.9147686	0.6067838	0.3189029	0.4799495	0.4396349	0.4736461	0.8908637	0.3527844	0.4504044	0.1789483	0.4607762	0.0633969	0.0483201	0.0544682	0.0065714	0.6726849	0.6760065	0.3564948	0.1257469	0.0347092	0.8668213	0.3184240	0.6719345	0.0000000	0.0297044	0.0068318	0.7553428	0.5270833	0.4358079	0.7570325	0.1729909	0.6711564	0.4852701	0.7454440	0.5881330	0.7954948	0.5715442	0.3219312	0.7047056	0.3534791	0.5422856	0.7475518	0.0000000	0.0127582	0.0152789	0.0963760	0.6542944	0.4786469	0.1673315	0.6505624	0.4523148	0.4340356	0.0033068	0.3998113	0.0516917	0.1671519	0.5365746	0.0406666	0.6470352	0.6613545	0.7637835	0.4842254	0.2768203	0.7085663	0.4541980	0.4496289	0.1546376	0.5087980	0.4461925	0.6458056	0.9346276	0.8061438	0.3105636	0.6957696	0.5327712	0.3692733	0.6223553	0.2678231	0.6010024	0.6990548	0.5715249
0.4889198	0.7154385	0.3133196	0.4496742	0.8433885	0.3056516	0.5925348	0.2359548	0.2492603	0.3682287	0.5605110	0.1107218	0.0771920	0.1064158	0.0300634	0.6282676	0.7238644	0.5197241	0.4892993	0.8454175	0.6359342	0.2838305	0.5153478	0.3531956	0.4906773	0.7198055	0.4226940	0.4777581	0.2439841	0.5153128	0.0401071	0.0550241	0.0344593	0.0224379	0.7189959	0.7433287	0.3822316	0.1040565	0.0309786	0.7742737	0.3205011	0.8140099	0.0000000	0.0364691	0.0000000	0.7879184	0.4736864	0.4100309	0.4857561	0.1560731	0.7616409	0.4603144	0.6005108	0.5499238	0.7276119	0.5011127	0.4853773	0.6132961	0.5825252	0.4914863	0.6062342	0.1251120	0.0121887	0.0155365	0.1131960	0.7478962	0.3556130	0.1262927	0.5845109	0.5910345	0.3404432	0.0214210	0.3994380	0.0786106	0.2481053	0.8640121	0.0720276	0.6300125	0.7004086	0.6088866	0.2905250	0.3726692	0.7286659	0.4405179	0.4599319	0.1294936	0.5398476	0.6211545	0.7042199	0.7942776	0.7128404	0.4047959	0.6927331	0.5752451	0.5392578	0.6982290	0.2839660	0.6766122	0.5440615	0.6230519
0.5222822	0.6536321	0.3456019	0.3080207	0.6375776	0.2684127	0.7358910	0.2858559	0.3347891	0.1333935	0.5123590	0.1021329	0.0468388	0.1022711	0.0235267	0.5473930	0.7969036	0.6383211	0.4684929	0.7038340	0.5577958	0.3746590	0.5557667	0.3872530	0.4953177	0.7275424	0.3167210	0.4672093	0.2907257	0.4727525	0.1663560	0.0314301	0.0207403	0.0454368	0.6882902	0.7335952	0.3212704	0.1559283	0.0670480	0.0000000	0.6057547	0.6697078	0.7761763	0.3474305	0.4718209	0.7190294	0.4965880	0.4998072	0.6510383	0.0524655	0.5948711	0.5313375	0.6382582	0.7193667	0.7052995	0.5196082	0.3332395	0.7545022	0.3694086	0.5506594	0.6932118	0.6617982	0.0000000	0.3398328	0.1278661	0.5573599	0.2291538	0.1911287	0.6075098	0.4547183	0.4419417	0.0029264	0.4166121	0.0348617	0.1944628	0.7273751	0.0261921	0.6787352	0.7409306	0.5877036	0.3278311	0.3330882	0.8195878	0.4628260	0.4797435	0.1048616	0.4717995	0.5409181	0.5211235	0.8022048	0.6232401	0.3910512	0.6799931	0.6243251	0.4228679	0.8244936	0.2633023	0.5759222	0.6225137	0.7623210
0.4632118	0.6457247	0.3381641	0.5068136	0.8466388	0.3200787	0.7764366	0.2471070	0.3997978	0.1688435	0.4537379	0.1157018	0.0973112	0.1207050	0.0155660	0.0707770	0.5619582	0.2497290	0.5656026	0.7415839	0.5516833	0.7758371	0.5749253	0.4057476	0.4578510	0.6308753	0.4590501	0.3063831	0.2011417	0.5440015	0.1857062	0.0222356	0.0260964	0.0381723	0.8521695	0.6578286	0.2678395	0.0000000	0.0021505	0.7706038	0.3936508	0.8795478	0.8315804	0.3025727	0.4437462	0.0000000	0.1674604	0.3830852	0.2870356	0.2274453	0.2958712	0.0075874	0.0353779	0.4705430	0.7533780	0.6767459	0.6034439	0.6479508	0.1374398	0.3473175	0.2910399	0.6403914	0.2663270	0.2868424	0.0792547	0.6795460	0.3791158	0.1296047	0.7107679	0.5844892	0.3751218	0.0243213	0.3604917	0.0329593	0.3354521	0.7022478	0.0305012	0.5466471	0.6052861	0.1381564	0.3685069	0.5154714	0.7879127	0.3883607	0.5972083	0.0893550	0.4146974	0.4584610	0.8163029	0.6952553	0.6240332	0.4221102	0.7693445	0.5279700	0.5750129	0.7699813	0.2487358	0.6169873	0.5181565	0.6255107
0.6549700	0.6308507	0.4767904	0.3016236	0.6517177	0.2577782	0.7540635	0.6689738	0.3046756	0.4153371	0.5207375	0.1249762	0.1054248	0.1291896	0.0349151	0.4720322	0.6892927	0.5624368	0.4337610	0.5261521	0.5313652	0.2714091	0.7341497	0.5132142	0.7652982	0.8642863	0.3357524	0.2270206	0.5845765	0.4584708	0.1890628	0.0686720	0.0186004	0.0678218	0.6989955	0.5837943	0.0000000	0.0781083	0.1136050	0.6725055	0.7014297	0.6928714	0.6324038	0.6543917	0.4151712	0.6382484	0.3431445	0.2207383	0.5360773	0.0722756	0.5938082	0.4296715	0.7863790	0.6397099	0.6989548	0.5639309	0.2717893	0.7784352	0.5306561	0.4827794	0.0814539	0.6426977	0.6005699	0.8755261	0.1178694	0.7051581	0.4556845	0.3098842	0.0328988	0.6324048	0.7525005	0.6009292	0.6953017	0.8981674	0.7129245	0.2120112	0.6613416	0.3477772	0.3747966	0.1263670	0.3908522	0.2498322	0.5853118	0.4352095	0.4729119	0.2128624	0.4597665	0.2401118	0.6050457	0.6890498	0.6301478	0.3905852	0.7439338	0.6345077	0.5763100	0.6310208	0.3067507	0.6411488	0.5771438	0.0000000
0.6838790	0.6932348	0.4984883	0.3013891	0.7264256	0.3203723	0.7400595	0.5771558	0.2665613	0.1921896	0.5315936	0.1816667	0.0738574	0.1137824	0.0433313	0.6664201	0.6163749	0.5583012	0.5499564	0.5780037	0.5635878	0.3678536	0.7579133	0.5138631	0.7161196	0.8940094	0.4294839	0.3929866	0.7332027	0.5120757	0.1980771	0.0175216	0.0207000	0.0191842	0.7478921	0.6710088	0.0000000	0.1762066	0.0518615	0.7720497	0.3637840	0.6304188	0.8079826	0.3293241	0.3659024	0.7784602	0.3754073	0.2920063	0.7273505	0.0209506	0.6373998	0.3655978	0.6161377	0.8179444	0.6372993	0.5686395	0.3330020	0.6785277	0.6204707	0.6088582	0.4006663	0.7457041	0.2738453	0.2924215	0.0763216	0.8089367	0.5097151	0.3492617	0.0257267	0.7744658	0.7944002	0.8111343	0.8309630	0.6377587	0.4302830	0.2243943	0.6732989	0.6387735	0.6486094	0.1611331	0.4492335	0.4305087	0.7165880	0.4235471	0.5305045	0.1023082	0.4067053	0.5657770	0.7954611	0.9184254	0.6962031	0.4074031	0.0000000	0.1383622	0.1524048	0.6846286	0.2559456	0.6193441	0.7065539	0.6295111
0.6592334	0.6249806	0.4731855	0.2955052	0.7064395	0.3001681	0.6611234	0.5724223	0.2855148	0.1845530	0.5153523	0.0913921	0.0335994	0.1630673	0.0640049	0.6327948	0.6910587	0.6156684	0.5806621	0.6183670	0.6497353	0.3400881	0.7068830	0.4557194	0.7695248	0.7136888	0.3443008	0.1434802	0.5544845	0.5333930	0.0934389	0.0551169	0.0169667	0.0472691	0.6165964	0.7059554	0.0000000	0.0879602	0.0432565	0.7239456	0.4118646	0.7158185	0.5853899	0.2912114	0.4019204	0.7755798	0.2669362	0.3253226	0.6009800	0.0486107	0.6512759	0.4887042	0.7067364	0.6200089	0.7327722	0.4664688	0.4398374	0.6913407	0.5851274	0.4752546	0.3230270	0.7217200	0.3140507	0.5593135	0.0928109	0.5308928	0.3074254	0.3701838	0.0402503	0.6483186	0.7194061	0.7045040	0.8168214	0.7647310	0.4379116	0.2452549	0.5691466	0.5368830	0.5354935	0.1760684	0.4336570	0.2065669	0.6296051	0.5092940	0.4966358	0.1705089	0.3665414	0.5682385	0.6503461	0.0000000	0.6679114	0.4641298	0.7055054	0.7960571	0.6465327	0.7325381	0.2565234	0.5909869	0.6383496	0.8214224
0.6465011	0.7475018	0.6203810	0.4890106	0.7933424	0.2941161	0.6286154	0.6209065	0.3338261	0.1426543	0.7741932	0.3926446	0.6841583	0.1433925	0.0322375	0.1321564	0.3380891	0.2893690	0.4414992	0.6544870	0.5423643	0.2879345	0.7113136	0.5121122	0.6513816	0.7091337	0.4133873	0.2990403	0.7532088	0.5996857	0.1867957	0.0151656	0.0248404	0.0628493	0.7066570	0.7525302	0.0000000	0.6840962	0.6649285	0.7269377	0.2865172	0.7288667	0.7633606	0.2579588	0.3853355	0.7121528	0.3052511	0.3870561	0.6394148	0.0229253	0.7607590	0.3908182	0.7659499	0.7022056	0.7419076	0.5520391	0.3964425	0.2292645	0.6474830	0.6682129	0.3389043	0.8030709	0.2291549	0.5706681	0.0881204	0.8227469	0.3816873	0.3011145	0.0625544	0.7186534	0.6248081	0.6626665	0.6588331	0.6243205	0.4033954	0.1796387	0.6496932	0.4259608	0.6324373	0.1564226	0.3848522	0.2988911	0.7440738	0.8598917	0.0000000	0.6465175	0.7019322	0.6841414	0.7635128	0.6686348	0.9959673	0.4417713	0.6813033	0.7034992	0.6187049	0.5499307	0.3080694	0.6406958	0.5843115	0.6730509
0.6657500	0.7717193	0.6059068	0.3611960	0.5658367	0.2880472	0.7191189	0.6578798	0.1584646	0.1146488	0.4905330	0.1096857	0.0900077	0.1861177	0.0234775	0.4755115	0.6761618	0.4834521	0.5352850	0.6946752	0.5723658	0.3018485	0.8664394	0.6304432	0.6449968	0.8218093	0.3688832	0.2365263	0.6662541	0.4733996	0.1394526	0.0157269	0.0091051	0.0296402	0.7901982	0.7707014	0.0000000	0.1175525	0.0431325	0.7484042	0.4248276	0.7731041	0.5886559	0.2724764	0.4276253	0.9116323	0.4273182	0.3282703	0.7120278	0.0298433	0.6712540	0.5867799	0.5884280	0.6523423	0.7459274	0.4667815	0.4100639	0.6153206	0.6606714	0.5646672	0.4927840	0.6807026	0.1941961	0.5461712	0.1103460	0.6293296	0.4240103	0.2640031	0.0527199	0.6716030	0.7235108	0.7348955	0.5736736	0.7559709	0.0000000	0.2588953	0.4972129	0.5391659	0.6874572	0.1960656	0.3938111	0.3102776	0.7876564	0.3721822	0.5340926	0.1156806	0.3746704	0.5132908	0.5975160	0.7755687	0.6888586	0.4070988	0.6595350	0.5143240	0.6459747	0.5800999	0.3099193	0.6152632	0.5964869	0.6790727
0.7911727	0.7436782	0.6672279	0.2711467	0.5594533	0.4414401	0.6152417	0.5416733	0.2969680	0.3043628	0.4766523	0.1225683	0.1266524	0.1151954	0.0368382	0.4130970	0.7161048	0.6018066	0.4135747	0.7191930	0.6851460	0.3625534	0.7823869	0.6131304	0.6114504	0.6480734	0.3189076	0.3237173	0.6910054	0.5488626	0.1146808	0.0239773	0.0175089	0.0499093	0.5618530	0.5285228	0.0000000	0.0954677	0.0426684	0.6407391	0.3480361	0.6896941	0.8004747	0.3720609	0.5125176	0.8950737	0.3340115	0.2799930	0.7222075	0.1295232	0.6374779	0.3784980	0.7246260	0.7601555	0.6905192	0.4526562	0.3299279	0.6921658	0.6481652	0.6076777	0.5769176	0.0000000	0.1795326	0.5514193	0.0852664	0.7032415	0.3585112	0.2734675	0.0412565	0.6753367	0.7642730	0.6912217	0.7384726	0.6845243	0.3774576	0.2160540	0.6397622	0.6238530	0.7277127	0.1934472	0.3607942	0.2753363	0.6513528	0.4705262	0.5446547	0.1298470	0.5286875	0.7072087	0.7154547	0.6488213	0.8355083	0.4327756	0.6974920	0.6489065	0.5112177	0.6519289	0.3171759	0.7054493	0.6413553	0.7842302
0.7415650	0.7222057	0.5035078	0.2258246	0.7754540	0.2069255	0.7433586	0.4907662	0.2283139	0.1407769	0.4357702	0.1450553	0.0603083	0.0813331	0.0467193	0.5486828	0.6622475	0.6121966	0.4968465	0.7175746	0.5823858	0.2768644	0.7824488	0.5490000	0.7056108	0.7721761	0.4101719	0.2205533	0.5740737	0.5551959	0.1912886	0.0526692	0.0199732	0.0453940	0.8811097	0.7307936	0.0000000	0.1179477	0.0604061	0.6427100	0.3001135	0.0000000	0.7125349	0.4010477	0.5741878	0.4952285	0.2467341	0.2935265	0.7158097	0.0722824	0.6389289	0.4910779	0.6576396	0.7550005	0.7212572	0.3912592	0.4344140	0.6703506	0.5399655	0.6391141	0.4717196	0.5735391	0.3933033	0.7305488	0.0789232	0.8028280	0.4940698	0.2737458	0.0479957	0.7804965	0.6708822	0.6885242	0.8219304	0.7418010	0.4972068	0.2273601	0.5790355	0.5654673	0.6801001	0.2041624	0.3665301	0.2828804	0.7797021	0.4643020	0.5447682	0.1537389	0.4368074	0.7613851	0.7744807	0.5479937	0.5966125	0.2657672	0.6893996	0.5432182	0.5208829	0.6278934	0.2793053	0.6683534	0.5905956	0.5802747
0.7249054	0.7641948	0.4371063	0.3966410	0.6456416	0.2705913	0.6741916	0.6209583	0.5404704	0.1061985	0.5761208	0.1567993	0.0787792	0.1005599	0.0313425	0.0806154	0.7687754	0.2099784	0.4685157	0.7048651	0.5657318	0.7454887	0.6097742	0.6715900	0.6255427	0.7557940	0.3748651	0.2750001	0.6717171	0.5937269	0.1923854	0.0287170	0.0324226	0.0448914	0.6623144	0.0000000	0.0146835	0.1358491	0.0355006	0.7518909	0.3957276	0.6254067	0.6306218	0.3271972	0.4880930	0.0000000	0.0464249	0.0608151	0.1642998	0.2030508	0.3902272	0.0193921	0.0680083	0.5574497	0.6687677	0.7913337	0.6845388	0.7067984	0.3187142	0.4866037	0.4122059	0.7492254	0.3298076	0.6914351	0.1258016	0.8026803	0.3983889	0.2973239	0.0276267	0.7801074	0.7191110	0.7660048	0.8058112	0.4466349	0.4858690	0.2077699	0.4920696	0.5883208	0.5659585	0.2038903	0.2725164	0.4409664	0.7823755	0.3676491	0.5863788	0.2188445	0.4333647	0.5796173	0.7425694	0.8220170	0.5994372	0.4311881	0.6762784	0.5865363	0.5865038	0.6397478	0.3120769	0.7836734	0.6471995	0.7083726
0.5765316	0.9324816	0.3674880	0.3087284	0.6627196	0.2199126	0.7031563	0.2905439	0.3296540	0.1535096	0.4677716	0.1190906	0.0878711	0.1494293	0.0563756	0.4785245	0.7062633	0.5930622	0.3878314	0.5479951	0.6146095	0.3277345	0.5827148	0.4232417	0.4519592	0.0000000	0.0622425	0.8066107	0.0032210	0.0630905	0.0552333	0.7202905	0.7151990	0.7836960	0.0404422	0.7047712	0.3338286	0.1141731	0.0318948	0.6946798	0.3564047	0.6469984	0.7289721	0.4049178	0.4286454	0.6576640	0.4442491	0.3919411	0.6604891	0.0511933	0.4434896	0.4488293	0.5699455	0.6198690	0.6291684	0.5455610	0.3121948	0.7099749	0.3522403	0.3945086	0.3721176	0.5611319	0.3426369	0.2219586	0.0750856	0.6639985	0.2554550	0.1152141	0.6437790	0.6817146	0.3968797	0.0100948	0.4031935	0.0288842	0.3534873	0.7192246	0.0253787	0.5414385	0.6575214	0.1092283	0.4128136	0.3906077	0.7975655	0.5658830	0.5128395	0.0667515	0.3983567	0.4495819	0.5924783	0.6398348	0.7553897	0.5111174	0.0000000	0.1833665	0.1787230	0.6286909	0.2947157	0.7756293	0.5772382	0.7371827
0.4779807	0.7552156	0.3447736	0.2739594	0.6500657	0.2119672	0.6595584	0.2746501	0.2450339	0.2256428	0.4296350	0.0946034	0.1339373	0.1059852	0.0785972	0.5988341	0.5528530	0.6878063	0.3937330	0.6300279	0.6537375	0.2498581	0.5063722	0.3551229	0.4827206	0.0000000	0.0072094	0.7035020	0.0016863	0.0287119	0.0937758	0.7143579	0.6818264	0.6045030	0.0415407	0.6197749	0.2101980	0.1099041	0.1085016	0.7196310	0.3610841	0.7135631	0.8474654	0.3620567	0.4305395	0.8290603	0.4599383	0.4347629	0.7943170	0.0613194	0.6484179	0.3869360	0.5433798	0.6549351	0.6809636	0.4233812	0.3400037	0.6894088	0.4222789	0.4537398	0.4566867	0.6401699	0.2301555	0.2988885	0.0801953	0.7120294	0.3728506	0.1564609	0.5149509	0.7631860	0.5776343	0.0077196	0.4235347	0.0354622	0.3270578	0.6787264	0.0148274	0.6731298	0.6726587	0.2183471	0.3323985	0.3368947	0.7833354	0.3942124	0.4417516	0.1325992	0.3740728	0.4575728	0.6935312	0.6238310	0.7364239	0.0000000	0.7696522	0.6469931	0.5685556	0.6594960	0.3303586	0.8013908	0.6247075	0.7409663
0.5148453	0.7444810	0.3626373	0.4151424	0.6358564	0.2450871	0.6449138	0.3040308	0.2769657	0.2102161	0.4934718	0.1611304	0.1015866	0.1948112	0.0342771	0.4662490	0.7169202	0.6352484	0.4994872	0.5465576	0.5977289	0.3413171	0.5848235	0.3060219	0.5194013	0.0000000	0.0218845	0.4558607	0.0027188	0.1027711	0.0562641	0.7187745	0.7521986	0.6760889	0.0419871	0.6487607	0.2451649	0.0910956	0.1111691	0.7573526	0.3553553	0.7699082	0.6371605	0.4965416	0.4647021	0.8512066	0.4913676	0.3823666	0.6602467	0.0758517	0.3238093	0.3719746	0.6669276	0.5850387	0.6572628	0.5826135	0.3957536	0.7919600	0.3885503	0.5415243	0.2554443	0.6343778	0.4515980	0.3291978	0.0537780	0.6527144	0.3087353	0.1272761	0.6162736	0.6836367	0.5578458	0.0115954	0.5532329	0.0341884	0.4487298	0.7508534	0.0262124	0.4913899	0.5812166	0.1053161	0.4711860	0.3478590	0.6970071	0.5195870	0.5079012	0.1683668	0.4936537	0.4460431	0.7337240	0.0000000	0.8560843	0.5237976	0.6724957	0.5493859	0.5280886	0.7449375	0.3034681	0.7044570	0.6325603	0.7071595
0.5103884	0.7529198	0.3018795	0.2711409	0.6753718	0.2552123	0.7643582	0.3173672	0.1716744	0.1539482	0.6929548	0.1011509	0.1115726	0.0920475	0.0543004	0.5172121	0.7551460	0.6277890	0.5522540	0.6780161	0.5268936	0.2562414	0.6124941	0.3517075	0.4506416	0.0000000	0.0437136	0.5790031	0.0033007	0.0277182	0.0395065	0.6943111	0.5324903	0.8292521	0.0151228	0.8159016	0.3188233	0.1173366	0.0586984	0.8743333	0.3869921	0.7717364	0.7887675	0.3345908	0.4741904	0.7334208	0.5818248	0.5283971	0.6575184	0.0522913	0.4783288	0.4477746	0.7703519	0.6937621	0.6269366	0.4677749	0.4354446	0.6551668	0.3481714	0.4984120	0.5821011	0.5842518	0.1709514	0.0000000	0.0860307	0.7460981	0.3098221	0.1941879	0.7499392	0.6143290	0.5328691	0.0074072	0.4753688	0.0487411	0.2652379	0.7690201	0.0270161	0.6115607	0.6460521	0.1822706	0.4108362	0.2873749	0.7602224	0.5152766	0.6385200	0.1124381	0.4630672	0.5346954	0.7388706	0.7248805	0.7231751	0.5131843	0.8170628	0.4805081	0.5025312	0.6042138	0.3034814	0.7426260	0.5884270	0.6534052
0.4294143	0.6234790	0.3035197	0.3369696	0.7300799	0.2513208	0.7984583	0.3680454	0.2212673	0.0042355	0.5064085	0.1436307	0.1320404	0.1458088	0.0340656	0.4498164	0.7212598	0.5515928	0.5352276	0.7170007	0.6327295	0.2744360	0.7196305	0.4295556	0.5748140	0.0000000	0.0325184	0.6386743	0.0032284	0.0606169	0.1055567	0.6960419	0.6896031	0.8230286	0.0170938	0.6401826	0.3524880	0.1693404	0.0721883	0.6073079	0.2862033	1.0171632	0.7266376	0.0000000	0.3632299	0.7866032	0.5090966	0.6486157	0.5847711	0.0699547	0.6649520	0.4899948	0.7114292	0.7323443	0.6226599	0.4945049	0.4035002	0.6201621	0.3526828	0.5366833	0.5927308	0.1092516	0.0134616	0.0502174	0.0570640	0.7049689	0.3068815	0.1534920	0.5889861	0.5688465	0.5057363	0.0164012	0.5083975	0.0411043	0.1671399	0.7015483	0.0344458	0.7677985	0.6844784	0.7047720	0.3142453	0.3028452	0.6715420	0.4403602	0.5033115	0.1664570	0.5472622	0.5694656	0.6952133	0.6976532	0.6686083	0.3839186	0.5458348	0.6395033	0.5032307	0.7523011	0.3003178	0.7250949	0.6572015	0.7170196
0.7560156	0.6584407	0.5899148	0.4452148	0.6368911	0.2809406	0.7286397	0.6988623	0.2247900	0.1377134	0.4374894	0.1509455	0.0782873	0.1187140	0.0436052	0.5728537	0.6840082	0.4789073	0.5072238	0.6045064	0.5198079	0.2893695	0.6705648	0.4841308	0.7305779	0.0000000	0.0501943	0.3386757	0.2867116	0.0674057	0.0823662	0.7605259	0.5668176	0.7270049	0.0473014	0.7052292	0.0000000	0.0802119	0.0413721	0.5796216	0.4448049	0.7045656	0.6450625	0.3606496	0.3784825	0.7616021	0.3268190	0.3473453	0.6519791	0.0331429	0.6899193	0.5044329	0.6014620	0.6785877	0.7554500	0.5942129	0.4062845	0.5930316	0.5780429	0.6310099	0.4346431	0.6875505	0.2630193	0.6436813	0.1438404	0.5889969	0.4996232	0.3118471	0.0278583	0.8757508	0.8075729	0.6251420	0.6530222	0.6836757	0.4323203	0.2602141	0.5785467	0.6059325	0.6332410	0.1063940	0.3939996	0.2762298	0.7866190	0.3937359	0.4851266	0.1513183	0.3764456	0.4422889	0.7111633	0.7442275	0.6892394	0.3882677	0.7631143	0.5272447	0.6073129	0.7563223	0.3075785	0.6960158	0.6944651	0.7138078
0.4983646	0.6156722	0.2893247	0.2758578	0.6648228	0.3549441	0.6750500	0.3149427	0.2595311	0.1302007	0.6042376	0.1548240	0.0772568	0.1341724	0.0213353	0.6290427	0.7188024	0.5106190	0.5667607	0.5325442	0.5370407	0.4293693	0.0000000	0.3037544	0.5537577	0.7375467	0.3081255	0.3680157	0.2814921	0.5402582	0.2012614	0.0426415	0.0176274	0.0447443	0.7934827	0.7154839	0.3302762	0.1081123	0.1000754	0.6134536	0.5176270	0.7250863	0.6550612	0.3573642	0.4751197	0.6119843	0.5140205	0.4126779	0.6632745	0.1077636	0.6131637	0.3663087	0.6779660	0.5927422	0.7631190	0.5126842	0.4314211	0.6205557	0.4201890	0.4530063	0.3446429	0.6048673	0.3837597	0.3521714	0.0743219	0.6358230	0.3202794	0.1604058	0.8066579	0.5280681	0.4937718	0.0103131	0.6302527	0.0363020	0.0000000	0.6439406	0.0629565	0.5722558	0.6922508	0.1451934	0.3308395	0.3779097	0.7137969	0.4897212	0.5769229	0.1005639	0.4160811	0.4839423	0.7487538	0.7469028	0.7046760	0.4309746	0.7117874	0.6003736	0.5656341	0.7693104	0.2244177	0.6733865	0.5908173	0.6610516
0.4225241	0.5887115	0.2284830	0.2494986	0.6718852	0.2536834	0.7334808	0.2853155	0.2482705	0.2059704	0.5462242	0.1555966	0.0672651	0.0833607	0.0402193	0.6087092	0.7288288	0.6003125	0.4319808	0.5212236	0.6442850	0.3868347	0.0000000	0.3822855	0.3922793	0.6362382	0.2966345	0.4290572	0.2075550	0.4940078	0.1553275	0.0620472	0.0135287	0.0547213	0.6834771	0.7551363	0.3193526	0.0713543	0.0511165	0.5428758	0.4494622	0.7940777	0.6510268	0.4413083	0.4341641	0.7644980	0.4649346	0.5294164	0.5990812	0.0376177	0.5809519	0.5074693	0.6338382	0.6279480	0.6600983	0.5554202	0.3235907	0.7629032	0.2945739	0.6121126	0.3907525	0.6535494	0.3173456	0.4302480	0.0682707	0.7576744	0.3513586	0.1203723	0.7030905	0.6170186	0.4379006	0.0000000	0.4463908	0.0510003	0.3459752	0.8041918	0.0256224	0.5690785	0.7897432	0.1267389	0.4329037	0.3626015	0.6669441	0.3985047	0.6231523	0.1574289	0.4408297	0.5759734	0.6735170	0.6054658	0.7045308	0.3433672	0.6639767	0.6382241	0.4917420	0.7670854	0.2919562	0.6640653	0.5736553	0.7333244
0.4686945	0.6646587	0.3692492	0.5497692	0.7831990	0.3488469	0.8111446	0.2665734	0.5128143	0.1524286	0.4574238	0.1301200	0.0628209	0.1427861	0.0621822	0.1145409	0.8447215	0.2686212	0.4391593	0.5189853	0.4933978	0.5824811	0.0000000	0.2394667	0.5340512	0.7227379	0.4112613	0.3241456	0.1956709	0.7154958	0.1956235	0.0258200	0.0069726	0.0220691	0.6841559	0.7401969	0.3767393	0.0985929	0.0705117	0.7380861	0.5371310	0.5969626	0.6726530	0.3605676	0.4084709	0.0000000	0.2737545	0.2911174	0.1719988	0.1789331	0.2428492	0.0116579	0.0379890	0.5472237	0.6791632	0.9025824	0.7160812	0.7204894	0.1751078	0.3602916	0.1470347	0.6901553	0.3442141	0.3374081	0.1163724	0.7132142	0.3016685	0.1610844	0.6314822	0.6835721	0.4158374	0.0252998	0.4837233	0.0333217	0.4896849	0.6658058	0.0285778	0.5001482	0.5912628	0.1496163	0.3086527	0.5760962	0.7710801	0.3842711	0.5178704	0.1523002	0.4401858	0.5055199	0.7013574	0.6514418	0.6734878	0.4904959	0.6891749	0.6225797	0.5986315	0.6022561	0.2444336	0.6764394	0.6179000	0.7882664
0.6794814	0.6619752	0.6541811	0.3015395	0.6629919	0.2108498	0.6650500	0.4766498	0.2456798	0.1412695	0.4579453	0.1382785	0.0686765	0.1392613	0.0431624	0.5030281	0.5838456	0.5689488	0.4455592	0.6154367	0.6065850	0.2559258	0.0000000	0.3458807	0.7157124	0.7362424	0.5267628	0.2576662	0.6382954	0.4502738	0.1121875	0.0207403	0.0214006	0.0583832	0.8543378	0.7699864	0.0000000	0.1613967	0.0709597	0.7621683	0.4014679	0.8494731	0.6369639	0.2806361	0.4240103	0.7079853	0.1993165	0.2646834	0.6673098	0.0491424	0.6575345	0.4678390	0.6979844	0.6366374	0.7968694	0.5709535	0.3784910	0.5382597	0.4915692	0.5210941	0.3947489	0.6096960	0.2105841	0.7229654	0.0952921	0.7552507	0.3797328	0.3876609	0.0340805	0.7186945	0.7971744	0.7098772	0.7374977	0.7750305	0.4227759	0.2090093	0.5968409	0.6427490	0.5884206	0.1803710	0.3942405	0.2935476	0.7574008	0.4533287	0.6220458	0.1134359	0.4284853	0.4549108	0.7177977	0.7821562	0.7673337	0.4471618	0.8394030	0.5803864	0.6216723	0.8181974	0.3086110	0.7197091	0.5776350	0.7320472
0.4791732	0.7979294	0.3837400	0.3442557	0.7351672	0.2573649	0.6832617	0.3604116	0.4049713	0.0000000	0.5510629	0.1025277	0.0708075	0.0934488	0.0877999	0.4655907	0.7701293	0.5243576	0.4966589	0.7378015	0.6329681	0.2920809	0.7644820	0.4117498	0.6167404	0.7099640	0.4367311	0.3902801	0.2160042	0.5320330	0.2169836	0.0215067	0.0264334	0.0244163	0.8175459	0.6668379	0.2836706	0.2503971	0.0512306	0.7604314	0.2875313	0.8121821	0.6297291	0.1973591	0.0000000	0.7762242	0.5692161	0.4477416	0.6469886	0.0380367	0.6697321	0.5014558	0.6458535	0.6847286	0.6295144	0.4633227	0.3629530	0.5563652	0.3788109	0.5330205	0.5100192	0.2949689	0.0708383	0.1538014	0.0972149	0.7454047	0.3851580	0.1370125	0.5008341	0.4604623	0.5441417	0.0395075	0.4629679	0.0393525	0.2621921	0.7974480	0.0388729	0.6192273	0.7340286	0.2583657	0.4155431	0.3207990	0.7085062	0.4964703	0.5386794	0.1512800	0.5094661	0.5080445	0.7515847	0.5446802	0.8260880	0.4155201	0.7793024	0.4805391	0.5564383	0.6725870	0.3112739	0.7891099	0.6244322	0.7065829
0.4493061	0.6572077	0.3850421	0.3559004	0.7618699	0.2575725	0.6389122	0.2631928	0.2501694	0.0000000	0.5415305	0.1800057	0.1419891	0.1038668	0.0569484	0.5314861	0.7410366	0.5842400	0.5772822	0.6518824	0.6472719	0.2739383	0.6289637	0.3633960	0.4856110	0.6990239	0.3019870	0.3770934	0.2605647	0.4469923	0.0480846	0.0323305	0.0242533	0.0788287	0.6935390	0.7482760	0.3057423	0.1819047	0.0236250	0.8170441	0.3354131	0.6734384	0.6884442	0.0000000	0.3908421	0.7528363	0.4438664	0.3908839	0.5724149	0.0789700	0.8092738	0.4167190	0.6562503	0.6519987	0.5922702	0.4732510	0.4446688	0.6030385	0.3954118	0.4502503	0.6370361	0.0970300	0.0185700	0.0570226	0.0777421	0.7728710	0.3545776	0.1722977	0.5989844	0.5513334	0.5778862	0.0230326	0.6516337	0.0594605	0.2043659	0.6655545	0.0580103	0.7567567	0.7456636	0.7054273	0.3815987	0.4159033	0.6705025	0.3789343	0.4991123	0.1540939	0.3286498	0.7122104	0.6330172	0.6978252	0.6547027	0.3872083	0.7978706	0.5923695	0.6172375	0.6892256	0.3010827	0.7533558	0.5330629	0.6444777
0.4671187	0.6541291	0.2490823	0.2203108	0.7415916	0.2076993	0.5881655	0.2843322	0.2551701	0.0000000	0.4419594	0.1449908	0.0722960	0.1221956	0.0716183	0.5480773	0.7427805	0.6708302	0.5047465	0.7601404	0.6778230	0.3529112	0.5582747	0.3268926	0.4472255	0.7088129	0.3628053	0.4274001	0.2506138	0.6035876	0.0846651	0.0280705	0.0219915	0.0170838	0.7310977	0.8105769	0.3603301	0.1149135	0.0444235	0.7803301	0.2696471	0.6814419	0.0000000	0.0242691	0.0046105	0.6629936	0.5137874	0.3949720	0.7060503	0.0704773	0.7446990	0.4133958	0.6664616	0.6209306	0.6847414	0.5746907	0.3375134	0.6567629	0.5142621	0.4762961	0.5547671	0.0783520	0.0067190	0.0278460	0.0444846	0.6765104	0.3053149	0.1741752	0.6709973	0.5199359	0.4563701	0.0183722	0.5009909	0.0361181	0.2652236	0.8158172	0.0366913	0.6227886	0.5932951	0.6457621	0.3572674	0.3515228	0.8463528	0.3729271	0.6660072	0.1339831	0.4767947	0.4661778	0.7534509	0.7267909	0.8625100	0.4153740	0.6552750	0.6611295	0.4089763	0.6926593	0.3684197	0.8376700	0.5836272	0.7762562
0.7766157	0.6372833	0.5754303	0.2600786	0.7777762	0.2685810	0.7871810	0.5916722	0.2920796	0.0000000	0.4547979	0.1198664	0.0722222	0.1369581	0.0395972	0.4996530	0.7878521	0.5951598	0.5149921	0.7039534	0.6083047	0.3443672	0.7178377	0.5192992	0.6814252	0.7099325	0.3866599	0.3116212	0.6447506	0.5066800	0.1142456	0.0485739	0.0258258	0.0343421	0.6689329	0.0000000	0.0128347	0.1186972	0.0658874	0.6765827	0.2227272	0.8096256	0.6918246	0.1782134	0.3213914	0.7428985	0.3715133	0.3168612	0.6503704	0.0263740	0.5759307	0.5146134	0.7151759	0.6851885	0.5533714	0.4917352	0.4265608	0.6673879	0.5896840	0.5880654	0.8206378	0.6558075	0.1426056	0.5871746	0.1155584	0.6152383	0.4320740	0.3120145	0.0279952	0.7594875	0.6768749	0.6988327	0.6897654	0.3808506	0.3911362	0.2123303	0.5244315	0.6604060	0.7076228	0.2942839	0.4234969	0.2257108	0.7711847	0.4786388	0.4163723	0.1103630	0.4554505	0.4929189	0.6317353	0.7708358	0.7472738	0.4512165	0.7439140	0.6883470	0.6258918	0.7372084	0.2783561	0.6641918	0.6854545	0.7689079
0.5228638	0.0086218	0.0946242	0.2477928	0.0000000	0.8533611	0.0131662	0.0256792	0.0730281	0.1900164	0.8463905	0.5387256	0.6589164	0.7067090	0.6177991	0.5386062	0.7121702	0.6135971	0.8957157	0.6861332	0.6218187	0.0015028	0.4762138	0.3800668	0.4778986	0.8058015	0.4035445	0.4199404	0.1907308	0.5777385	0.2354887	0.0316819	0.0388882	0.0378655	0.5432779	0.8266974	0.3042915	0.1073415	0.0861369	0.7537372	0.2865322	0.9635446	0.7436218	0.3111106	0.4755722	0.5868243	0.4835400	0.5084755	0.5325458	0.0372948	0.6923759	0.4318446	0.5656181	0.7056574	0.7224915	0.5185472	0.3142585	0.7615644	0.2987386	0.4589725	0.5543207	0.5152543	0.2557171	0.2452660	0.0962001	0.6868028	0.2994099	0.1924558	0.6388900	0.5002901	0.3939175	0.0264658	0.4149483	0.0344095	0.2032820	0.6739197	0.0434209	0.6407824	0.5445490	0.1677039	0.3710269	0.3559284	0.6903506	0.5134186	0.4439319	0.1064224	0.4298400	0.2635053	0.7408838	0.6925379	0.7467461	0.4488413	0.6228582	0.5132299	0.6163223	0.8252557	0.3181073	0.6699748	0.5251696	0.0000000
0.5787709	0.0009282	0.1152039	0.1367538	0.0000000	0.7211194	0.0181593	0.0222142	0.0343560	0.0185509	0.6047567	0.4698527	0.7265161	0.6237223	0.7303263	0.6437065	0.7768424	0.7720747	0.7787071	0.8263052	0.0359278	0.0013525	0.6488175	0.3297236	0.5461896	0.6403232	0.3953472	0.4543551	0.1992048	0.3912133	0.1724576	0.0175480	0.0326397	0.0259359	0.6423250	0.8180111	0.3653442	0.0919301	0.0444383	0.6609824	0.2917577	0.6491906	0.7403826	0.1715291	0.4721802	0.8180983	0.4290132	0.5279596	0.6078442	0.0516883	0.6375659	0.4473990	0.6255167	0.7353515	0.7667105	0.4049462	0.3863732	0.6974596	0.3632541	0.4565186	0.6441819	0.4441844	0.1897303	0.2184043	0.0477088	0.8004560	0.3879727	0.1978487	0.5843155	0.6340105	0.4711740	0.0149069	0.4624107	0.0190904	0.2297162	0.7157196	0.0181402	0.7272936	0.6862619	0.4034519	0.4366300	0.3433487	0.6869543	0.3906665	0.5310640	0.1038663	0.4444086	0.4414078	0.7050564	0.7341445	0.0000000	0.0523615	0.7419761	0.6233728	0.3650869	0.7407734	0.2894228	0.7514675	0.4714621	0.7759282
0.5182832	0.0061786	0.1656200	0.1018421	0.0000000	0.6583714	0.0191466	0.0184869	0.0506572	0.0067740	0.6714184	0.4700242	0.7208258	0.7599999	0.6675381	0.6003403	0.7626675	0.7218616	0.7928808	0.6227382	0.7096432	0.0014183	0.6033951	0.3670200	0.6376951	0.5382995	0.3789539	0.4598933	0.2314011	0.5304158	0.1289536	0.0241045	0.0228834	0.0400651	0.6568839	0.7058194	0.2691236	0.1164782	0.0569147	0.6555313	0.3429739	0.8020200	0.6535073	0.2175975	0.4030462	0.7762190	0.4836798	0.4933562	0.6398666	0.0883696	0.5927087	0.5155314	0.5924230	0.7077972	0.7080608	0.6144356	0.3579077	0.6444609	0.4141337	0.4967017	0.6915091	0.0000000	0.1683751	0.1647697	0.1162259	0.7303686	0.3375004	0.1199987	0.6332086	0.5417153	0.4999640	0.0373976	0.4921602	0.0146834	0.3107661	0.8222607	0.0324407	0.8033374	0.8163723	0.3058635	0.3733068	0.3151765	0.6656169	0.4366390	0.5687559	0.1584092	0.3583832	0.4729202	0.7063051	0.7593316	0.6103854	0.4108459	0.6543439	0.5791628	0.4401490	0.6841150	0.3297369	0.6309386	0.5088335	0.8649728
0.4830402	0.0004761	0.1204718	0.1277020	0.0000000	0.6920073	0.0173486	0.0406533	0.0760354	0.0097602	0.7265884	0.4433259	0.6831142	0.7278059	0.7625808	0.5740968	0.6632569	0.6615805	0.5896648	0.7801394	0.5007177	0.0023358	0.6119237	0.3821734	0.4528208	0.6477924	0.3994352	0.4551075	0.1952655	0.6144023	0.0493132	0.0464203	0.0213457	0.0848671	0.7249539	0.7253386	0.2457895	0.1623703	0.0400500	0.6932592	0.2835757	0.6395952	0.7390177	0.0000000	0.5405637	0.6831592	0.5289935	0.4684784	0.7217369	0.0939961	0.6998058	0.6046348	0.6192489	0.7225743	0.6881796	0.5238720	0.3787284	0.7713619	0.4807034	0.5090189	0.7006495	0.0588854	0.0224448	0.0417733	0.0741255	0.7109083	0.3833060	0.1391160	0.5049736	0.5076939	0.4442509	0.0162697	0.5181538	0.0294671	0.2270298	0.7549636	0.0651179	0.7539781	0.6253296	0.6536343	0.3009312	0.2646434	0.8169575	0.4506267	0.6572663	0.1378748	0.4157206	0.4343608	0.7237456	0.6386611	0.6777259	0.3521643	0.6877371	0.5847706	0.4591241	0.8061692	0.2350746	0.6773683	0.6110680	0.6518746
0.5076755	0.0070638	0.1239137	0.1183328	0.0000000	0.6461740	0.0361349	0.0383031	0.0329680	0.0042280	0.6732200	0.4801890	0.6294511	0.8697352	0.7704472	0.5590163	0.7748399	0.7317532	0.7200683	0.6713851	0.5656621	0.0008160	0.4414609	0.3596663	0.4898569	0.5927798	0.3104234	0.3272259	0.2232154	0.4560519	0.1101510	0.0605662	0.0330756	0.0142701	0.7010826	0.6954607	0.3026949	0.0000000	0.0004399	0.7953383	0.3166686	0.6348149	0.7501183	0.2805045	0.4682941	0.8432539	0.4513052	0.4243091	0.4888866	0.0180789	0.6847372	0.4517593	0.7752494	0.7396174	0.7398037	0.5523435	0.3318941	0.5924406	0.3976812	0.5927870	0.5889831	0.4117670	0.1254737	0.1876276	0.0709902	0.6732224	0.4428765	0.2368184	0.6026123	0.4761598	0.4448281	0.0085362	0.4287483	0.0203900	0.3065368	0.7108692	0.0473025	0.7212232	0.6646895	0.3178542	0.3781929	0.3559429	0.7419814	0.4601214	0.6253462	0.1198496	0.3864999	0.6503776	0.7414042	0.7205603	0.7547779	0.5226505	0.6462783	0.6219822	0.3793682	0.8114353	0.3070681	0.6922145	0.5109783	0.5851753
0.4844675	0.0034040	0.0802610	0.1608821	0.0000000	0.7427886	0.0481026	0.0298020	0.0505120	0.0178171	0.6734745	0.5257257	0.7155050	0.6638857	0.7518998	0.6230821	0.7445110	0.9358040	0.7030953	0.6490662	0.6183620	0.0018761	0.6155421	0.2842682	0.0000000	0.6837782	0.4179351	0.4144833	0.2183299	0.5390364	0.0794258	0.0558303	0.0174556	0.0212496	0.6900376	0.7330095	0.2214773	0.1448070	0.0942927	0.8046235	0.2961248	0.9473550	0.7147205	0.2775285	0.3483026	0.6877553	0.6340156	0.4397730	0.6734890	0.0452760	0.6908542	0.4661127	0.6961216	0.6709623	0.6150123	0.5236282	0.2771960	0.6867396	0.4206166	0.4353341	0.6252259	0.5620603	0.1474585	0.2319320	0.0811985	0.7086662	0.3140636	0.0815014	0.5608987	0.5447009	0.6150726	0.0308407	0.6334701	0.0198975	0.2150528	0.6487746	0.0316909	0.6539547	0.7258914	0.2951189	0.3288691	0.3199191	0.7217388	0.4073482	0.5892832	0.1833707	0.4728005	0.5753690	0.5968383	0.6807474	0.6261945	0.4340478	0.6680463	0.5516025	0.5669227	0.6457035	0.3037139	0.8471316	0.5568118	0.7271909
0.4305517	0.0018449	0.0940617	0.1422255	0.0000000	0.6835762	0.0183174	0.0374278	0.0425182	0.0092213	0.6765640	0.4737154	0.6742615	0.7785691	0.0000000	0.6552300	0.7721741	0.6453032	0.6552486	0.6363890	0.6704622	0.0002088	0.6759731	0.3415866	0.5051740	0.6332298	0.3686525	0.4639324	0.2407493	0.5002464	0.1707994	0.0377285	0.0134123	0.0299547	0.7391217	0.6931249	0.3944534	0.1413277	0.1045299	0.6839389	0.4101488	0.7969934	0.8061738	0.1637674	0.4804753	0.6443043	0.3481379	0.4102475	0.7110685	0.0273053	0.4357694	0.5085599	0.6968130	0.6889367	0.6918863	0.4636456	0.5283259	0.6802481	0.3354573	0.6778066	0.7362298	0.5156402	0.1950050	0.0956242	0.1201633	0.6263993	0.3474386	0.1577186	0.5121167	0.5328914	0.4494956	0.0036947	0.4240410	0.0296956	0.1934314	0.8148446	0.0478156	0.5915557	0.7013290	0.2858534	0.3230700	0.3601997	0.6326168	0.4111070	0.6344910	0.1491506	0.4163456	0.5796081	0.8039943	0.6279430	0.7569390	0.3252730	0.7484185	0.4746403	0.5499006	0.6573043	0.3686708	0.7326178	0.5912795	0.7805479
0.0000000	0.0020091	0.2025237	0.3021109	0.7722581	0.2517109	0.6197359	0.2550054	0.4678474	0.1999358	0.6453039	0.3268549	0.7887006	0.0972397	0.0412026	0.0865066	0.4632349	0.3163020	0.4649582	0.5315983	0.5800863	0.3399558	0.5823839	0.3140411	0.8406767	0.6833628	0.4465316	0.4945481	0.1723701	0.7229029	0.1681288	0.0332085	0.0106675	0.0355047	0.6538815	0.7548133	0.2688682	0.5843874	0.6480995	0.7332935	0.4380636	0.7905573	0.7832506	0.2949446	0.4466555	0.6208457	0.5414359	0.4944394	0.5796100	0.0373105	0.5522997	0.4563280	0.6163505	0.7129707	0.6332517	0.5158699	0.3824681	0.3012597	0.4108836	0.4837911	0.6078935	0.6404677	0.3047406	0.1956899	0.0671009	0.7580455	0.3541813	0.2178782	0.6225583	0.6255289	0.3889649	0.0094248	0.4014029	0.0310311	0.3651538	0.7516332	0.0288516	0.4466500	0.6193889	0.1514468	0.3280114	0.3107035	0.6816792	0.8728089	0.0000000	0.6200289	0.7685706	0.7208302	0.6802963	0.7218830	0.7192157	0.3286457	0.8111395	0.6333103	0.5713384	0.7302290	0.3899601	0.6830283	0.6180654	0.7862026
0.0000000	0.0072965	0.2608967	0.1231652	0.7314677	0.2168113	0.6992549	0.2500810	0.6112426	0.0711796	0.4773100	0.1514005	0.0656079	0.0848600	0.0540697	0.0752697	0.7302823	0.2815762	0.4499481	0.7411935	0.5783554	0.7060087	0.5084158	0.3560821	0.4916028	0.7028020	0.4202746	0.3472790	0.1641097	0.5558509	0.1693143	0.0358499	0.0500329	0.0129413	0.6843982	0.7308059	0.3559678	0.2017646	0.0549299	0.6300855	0.3651422	0.7926116	0.6599942	0.2615171	0.4692915	0.0000000	0.2384290	0.2770482	0.1633910	0.1819357	0.2782115	0.0053951	0.0436595	0.5435067	0.7813419	0.6496904	0.6324752	0.6572598	0.1911854	0.3214777	0.2288435	0.6637744	0.3126410	0.2543179	0.0952414	0.9108617	0.3502943	0.1232760	0.5502620	0.6105005	0.3871516	0.0107894	0.4317040	0.0206616	0.3796978	0.6531378	0.0384477	0.5192730	0.5517805	0.1766403	0.3170547	0.4914511	0.6777138	0.5384894	0.5562301	0.1974434	0.3791193	0.5119073	0.5917291	0.7892469	0.7797457	0.4101420	0.6891801	0.5637245	0.5083900	0.6290922	0.3162400	0.6759478	0.5174495	0.6889529
