"Time"	YDR034C	YFL044C	YEL009C	YML076C	YBR112C	YNL103W	YLR451W	YKL038W	YER028C	YIR017C	YGL181W	YNL167C	YPL038W	YGL254W	YOR140W	YDR253C	YMR019W	YOL067C	YJR147W	YCR096C	YML113W	YDR520C	YFL021W	YCR040W	YPR199C	YCR097W	YOL089C	YHR006W	YOR032C	YJL110C	YCL066W	YCL067C	YJL056C	YLR098C	YGR044C	YCR018C	YLR013W	YKL020C	YDR421W	YKR034W	YCR039C	YER189W	YCR041W	YDR084C	YER190W	YGL001C	YDR042C	YNL339C	YNL337W	YKL178C

0	0.6442628	0.9728256	1.0375253	0.5838659	0.3494886	0.0405931	0.1003185	0.0599723	0.8170155	0.9946169	1.0290722	0.4855939	0.9388658	0.6042278	0.8771642	1.0180796	0.6106873	0.9475688	0.0043465	0.3774471	0.9941089	0.7581047	0.2178292	0.1664932	0.9372778	0.5748654	1.0384344	0.0335446	0.9866148	0.7906879	0.0295929	1.0118664	0.9521800	1.0467930	0.3851309	0.2404212	1.1481010	0.9657595	1.0166962	0.4937645	0.6750172	0.8598007	0.7132434	0.4894449	0.3860614	0.1853277	0.1033274	0.3100454	0.0093764	0.9237309
100	0.7169328	0.9808787	0.9797315	0.4997054	0.4017159	0.0629480	0.0774942	0.0318662	0.8768283	1.0120261	0.9618233	0.4810621	1.0446284	0.5692652	0.7269097	1.0034437	0.5936316	0.9276167	0.0041973	0.2724740	0.9933693	0.9572361	0.0161908	0.2660311	0.9934669	0.9395283	1.0183715	0.0015855	0.9942445	0.5365458	0.0455268	1.0301039	1.0552285	0.6933117	0.1983831	0.1562569	1.0101005	0.5537362	1.0263673	0.8733912	0.9249286	0.5109934	0.7554453	0.2638774	0.4920262	0.8174262	0.0649649	0.2053238	0.4541530	0.6757229
200	0.5887418	1.0413332	0.9585080	0.4242185	0.4187676	0.0497951	0.1111777	0.0416896	0.7912955	0.9828722	1.0108857	0.4695274	1.0653768	0.5885861	0.7532684	1.0704174	0.6553390	1.0465230	0.0047450	0.2561062	1.0431984	1.0415690	0.0077653	0.3891152	1.1751311	0.8923942	0.9987067	0.0012500	1.0382343	0.4769504	0.0508804	0.9071466	1.0128994	0.6912361	0.1468221	0.0840611	1.0081762	0.5207708	0.9792639	0.8618716	0.8469968	0.4062420	0.8042726	0.3341552	0.4517293	0.8797849	0.0596429	0.2474421	0.4850224	0.6856156
300	0.6897898	1.1420773	1.0806317	0.5964402	0.2446870	0.0417535	0.0885815	0.0329784	0.9542456	0.8994159	1.0535419	0.4437739	0.9904423	0.5971369	0.8062815	1.0025925	0.5610506	0.9743136	0.0000000	0.2340236	1.0477910	1.0394775	0.0020997	0.4205734	0.9845310	0.9596215	0.9537220	0.0004328	0.9989193	0.4851562	0.0436867	0.8922781	1.0066585	0.6084636	0.1777027	0.0661291	0.9954037	0.4897540	1.0716710	0.9206133	0.9751241	0.4588482	0.7237508	0.3928177	0.4946815	0.8765655	0.0554888	0.2506579	0.4588246	0.5694736
400	0.7771667	1.0494070	0.9738245	0.5611979	0.2551216	0.0257048	0.1064044	0.0447502	0.8412549	1.0167752	0.9497951	0.4421004	0.9392735	0.6168674	0.7667169	1.0412052	0.6138068	0.9687493	0.0101373	0.2319932	0.9548411	0.8846435	0.0034081	0.3491710	0.8895560	1.0370582	0.9033253	0.0000046	0.9818147	0.4407094	0.0297171	0.9519493	1.0702684	0.6427750	0.1460888	0.1151703	1.0227591	0.4903168	1.0582643	0.8826046	0.8510501	0.4358276	0.8644226	0.3096068	0.4353004	0.8521758	0.0677132	0.2227903	0.5846998	0.5177142
500	0.6977205	1.0709289	0.9828838	0.5195625	0.3710092	0.0315998	0.1287564	0.0404300	0.9263551	0.9803456	0.9808385	0.5930740	1.0252072	0.6140724	0.8316926	1.0266008	0.5707836	1.0011197	0.0022661	0.2377489	0.9683746	1.0551291	0.0060649	0.4040621	0.9987737	0.9964931	0.9455676	0.0009233	1.0465835	0.4585636	0.0624113	0.9599964	1.0300973	0.6301019	0.1937497	0.0875925	1.0187158	0.4797085	0.9261439	0.8736492	0.8542197	0.4506902	0.7997036	0.3858778	0.5307990	0.8749387	0.0601059	0.1846184	0.5486314	0.5402416
600	0.6982354	1.1813271	0.9076501	0.5513771	0.3866374	0.0259134	0.1332481	0.0417162	0.8398028	0.9917973	0.9786457	0.5027235	0.9809459	0.5313053	0.7664222	0.9524613	0.5829629	0.9718194	0.0044295	0.3009807	1.0226850	0.9390862	0.2084289	0.3048755	0.9481573	0.6303985	1.0095949	0.0375780	1.0013956	0.8416717	0.0396823	0.9890182	1.0255537	1.0866127	0.2947568	0.0908023	0.9929334	1.0357348	0.9083831	0.2275836	0.6715098	0.8665613	0.7470763	0.6938444	0.3280607	0.3410466	0.0846335	0.2110547	0.0580090	0.9490553
700	0.7238824	0.9480265	0.9585149	0.5894523	0.3189691	0.0341967	0.0793617	0.0444376	0.8093810	1.0455801	0.9183089	0.4372627	0.9385153	0.5687530	0.7268338	0.9686535	0.4861774	0.8907160	0.0018772	0.3209705	0.9632319	0.8001891	0.2502846	0.1349911	0.9739779	0.5771934	1.0249280	0.0390137	1.0168160	0.8739825	0.0248017	0.9296997	0.9632127	1.0429307	0.3105079	0.2039298	0.9814639	1.0092692	0.9736754	0.5326423	0.6547570	0.9740542	0.7176962	0.4833614	0.3227172	0.2145433	0.1252745	0.2688155	0.0061952	0.9263028
800	0.7044906	1.0453744	1.0447621	0.5408611	0.3469900	0.0265718	0.0720537	0.0357899	0.8815111	1.0889556	1.0181095	0.5197754	0.8977024	0.5707749	0.9116225	0.9082277	0.5141916	0.9839592	0.0057992	0.4223565	0.9901955	0.7368852	0.2215563	0.1130702	1.1371416	0.5559112	1.0399726	0.0432965	1.0611677	0.7986315	0.0352878	0.8684504	1.0192701	0.9975630	0.3079413	0.2217096	1.0479633	1.1044651	0.9836338	0.5376252	0.7096596	0.8288016	0.7017527	0.4590509	0.3506208	0.2136707	0.1719723	0.1904250	0.0057121	0.8705570
900	0.6986085	1.1030057	0.9150622	0.5434073	0.3263194	0.0372772	0.1033261	0.0493650	0.7662172	0.9612223	0.9052546	0.5282106	0.9667748	0.5977755	0.7779602	1.0797751	0.6036485	0.9830133	0.0055035	0.3272625	1.0133069	0.7830432	0.1682987	0.1580505	0.9894940	0.5295519	0.9933683	0.0461659	1.0211059	0.6904565	0.0482727	0.9226042	1.0029914	1.0825793	0.3430329	0.2512081	0.9772176	0.9849502	0.9325357	0.4483757	0.6886588	0.8336659	0.5907538	0.4148759	0.4402007	0.1796716	0.1120916	0.2398630	0.0086892	1.0106439
1000	0.6329267	0.9408421	0.9596857	0.6284960	0.2604744	0.0515019	0.0695448	0.0444849	0.6448805	1.0025201	1.0124582	0.5367034	1.0607980	0.6167628	0.7326538	0.9766599	0.5626883	0.9127420	0.0082604	0.3132898	1.0164116	0.8153854	0.2452010	0.1518766	1.0197705	0.6447622	0.9559462	0.0543013	0.9533813	0.8112019	0.0306946	0.9158499	1.0251744	0.9637425	0.3298503	0.3051502	1.0157470	0.9857700	0.9472884	0.4351308	0.5575283	0.9463473	0.6796737	0.4042405	0.3414608	0.2303736	0.1079897	0.2287763	0.0126296	0.9050984

0	0.6442628	0.9728256	1.0375253	0.5838659	0.3494886	0.0405931	0.1003185	0.0599723	0.8170155	0.9946169	1.0290722	0.4855939	0.9388658	0.6042278	0.8771642	1.0180796	0.6106873	0.9475688	0.0043465	0.3774471	0.9941089	0.7581047	0.2178292	0.1664932	0.9372778	0.5748654	1.0384344	0.0335446	0.9866148	0.7906879	0.0295929	1.0118664	0.9521800	1.0467930	0.3851309	0.2404212	1.1481010	0.9657595	1.0166962	0.4937645	0.6750172	0.8598007	0.7132434	0.4894449	0.3860614	0.1853277	0.1033274	0.3100454	0.0093764	0.9237309
100	0.6635181	1.0426358	0.9600697	0.5318547	0.3272054	0.0528284	0.0118648	0.2629820	0.3297907	1.0475755	0.9855843	0.4540229	0.9204448	0.7023248	0.8505858	0.1520802	0.4713668	0.5858305	0.0074361	0.3017370	0.2251378	1.0429623	0.0080699	0.2429478	0.9774740	0.4285829	0.4822968	0.0064551	0.1278015	0.7930778	0.0565569	0.8421430	0.9759737	1.0492150	0.3676487	0.3015993	0.2530683	0.9739861	0.7091553	0.4624950	0.7089619	0.3950050	0.8753704	0.6021257	0.3527512	0.4576619	0.2494541	0.0058411	0.0130143	0.9844804
200	0.6686868	0.9793462	1.0674833	0.5556896	0.3535057	0.0390883	0.0191991	0.2468744	0.0850169	1.0399818	1.0142384	0.4613078	0.8523533	0.7724097	0.5641896	0.1211210	0.4735025	0.5355833	0.0015295	0.2471527	0.0800596	1.0194089	0.0167389	0.3449881	1.0185739	0.2999608	0.3570529	0.0011479	0.1190264	0.8033855	0.1233901	0.5906213	0.9978198	1.0718303	0.5287317	0.3901926	0.1453768	1.0051391	0.7337687	0.4525695	0.7088191	0.0744123	0.9319079	0.8983543	0.3014665	0.4160442	0.3490813	0.0000000	0.0421368	0.9803043
300	0.7464611	0.9658367	0.9420485	0.6436726	0.3330457	0.0400213	0.0056063	0.2772530	0.0711523	0.9058661	1.0585127	0.4034926	0.7725319	0.7647685	0.3580579	0.1434154	0.4487843	0.5801468	0.0004078	0.2782173	0.0506169	1.0175878	0.0109905	0.3691244	1.0521423	0.2416521	0.3978733	0.0000000	0.1355952	0.7607438	0.1394021	0.5510401	0.9523051	0.9848804	0.8112089	0.6169462	0.1306075	1.0576822	0.7028883	0.4776320	0.8025125	0.1574597	0.9120191	0.9613831	0.3805308	0.4702587	0.3386339	0.0005659	0.0362633	0.9250538
400	0.6962114	0.9544134	0.9514316	0.5160738	0.3366253	0.0358151	0.0145493	0.2354288	0.0377873	1.0034119	1.1189252	0.4330366	0.8343892	0.7049074	0.2916673	0.1524512	0.4292902	0.5387962	0.0009119	0.2402785	0.0515174	0.9760153	0.0080276	0.4154190	0.9712955	0.3493307	0.3380972	0.0002968	0.1438862	0.7293814	0.1292296	0.4967192	0.9272437	1.0042020	0.8969089	0.8061564	0.1538813	0.9916613	0.6835531	0.5213203	0.8103152	0.3153207	0.9530318	0.9428730	0.3386034	0.4568447	0.3455867	0.0008961	0.0517566	1.0191643
500	0.6828954	1.0041973	0.9177852	0.5884221	0.3129655	0.0352826	0.0086655	0.2514065	0.0715346	0.8997180	1.0203268	0.3981092	0.8329968	0.7137239	0.3036698	0.1275089	0.3859952	0.4772547	0.0025978	0.2615294	0.0587018	1.0264165	0.0178834	0.4235597	1.0274659	0.2148708	0.3287346	0.0002606	0.1527238	0.7266033	0.1318199	0.5055038	1.0600968	1.0463426	0.8440709	0.7460077	0.1357245	1.0712250	0.7464499	0.4671423	0.8105714	0.3193547	0.8899274	1.0033213	0.3574183	0.5136581	0.4055640	0.0000038	0.0539660	1.0350702
600	0.6895248	0.9704732	1.0052480	0.5120389	0.3089775	0.0377022	0.0801088	0.0711354	0.1998073	0.9654509	0.9640579	0.4619386	1.0548964	0.5819965	0.3195458	0.9626405	0.4763355	0.8732024	0.0023193	0.3457920	0.9118321	0.9768032	0.2001405	0.3121998	0.9614299	0.4896453	0.9455061	0.0365229	0.9753765	0.8530567	0.0495467	0.6487556	1.0947232	1.0067572	0.7557121	0.8741832	0.9793768	0.9514665	0.9204061	0.3534289	0.7418526	0.3856295	0.6644856	0.5322759	0.3643972	0.4186669	0.2194506	0.0477045	0.0184210	1.0591516
700	0.6585155	1.0361808	0.9877035	0.5761022	0.3915216	0.0365185	0.0993402	0.0381661	0.4109750	1.0274776	1.0461507	0.4898777	1.0671604	0.6345599	0.4915406	1.0692461	0.4748790	1.0303301	0.0098046	0.2906480	0.9643898	0.8223806	0.2350956	0.1623972	0.9776857	0.6667258	1.1062084	0.0328684	0.9892025	0.9609551	0.0364908	0.9707715	0.9697630	1.0742118	0.4052784	0.5450397	0.9342577	1.0514801	1.0253357	0.4552859	0.6052448	0.7193951	0.7156153	0.4240305	0.3308824	0.2238609	0.0743350	0.2078003	0.0132586	0.9067251
800	0.7032887	1.0632549	0.9890566	0.6002688	0.3014445	0.0281067	0.0847216	0.0425931	0.6300138	1.0327914	0.9575887	0.3968514	0.9158138	0.5642713	0.7654303	0.9800774	0.5349824	1.0683448	0.0022407	0.2759854	0.9959255	0.8710507	0.2462245	0.1122012	1.0889391	0.5861089	0.9851386	0.0364936	0.9648368	0.7298759	0.0438367	0.9369565	0.9737724	1.0046492	0.2592015	0.1922908	1.0259225	0.9294179	1.0358168	0.4957875	0.6307081	0.8002728	0.7597635	0.4434733	0.3824592	0.2086731	0.0797790	0.2255948	0.0185627	0.7880376
900	0.6540260	1.0737108	1.0304429	0.5636409	0.3354291	0.0436460	0.0875113	0.0537401	0.8122751	0.9391220	0.9688741	0.4881498	0.9110898	0.5312306	0.7719976	1.0994323	0.4699324	1.0399709	0.0064233	0.3544255	1.0056427	0.8073299	0.1674360	0.1511102	1.0276194	0.5572627	1.0002598	0.0569824	0.9981645	0.7496318	0.0408158	0.9668462	1.0298228	1.0262946	0.3674572	0.1465928	1.0344666	0.9853451	0.9957370	0.5395369	0.7804743	0.7270078	0.7344985	0.4709925	0.4211895	0.1924716	0.1424362	0.2022448	0.0129700	1.0288222
1000	0.6997847	0.9472759	1.0121212	0.5662950	0.2809622	0.0597449	0.0682096	0.0397840	0.7566180	1.1051885	0.9661367	0.5288801	0.9824962	0.5769172	0.7907422	0.9958122	0.6056573	1.1341917	0.0086148	0.3345132	1.0393146	0.8140207	0.2037752	0.0479338	1.0799548	0.5774304	1.0610778	0.0483223	1.0311051	0.6621327	0.0468463	0.9341434	1.0542245	0.9465691	0.3551001	0.2392415	0.9636175	1.0211474	1.0405861	0.4417174	0.6613177	0.7953918	0.6579577	0.4256359	0.3846599	0.2613212	0.1124152	0.2661565	0.0135407	0.8760245

0	0.6442628	0.9728256	1.0375253	0.5838659	0.3494886	0.0405931	0.1003185	0.0599723	0.8170155	0.9946169	1.0290722	0.4855939	0.9388658	0.6042278	0.8771642	1.0180796	0.6106873	0.9475688	0.0043465	0.3774471	0.9941089	0.7581047	0.2178292	0.1664932	0.9372778	0.5748654	1.0384344	0.0335446	0.9866148	0.7906879	0.0295929	1.0118664	0.9521800	1.0467930	0.3851309	0.2404212	1.1481010	0.9657595	1.0166962	0.4937645	0.6750172	0.8598007	0.7132434	0.4894449	0.3860614	0.1853277	0.1033274	0.3100454	0.0093764	0.9237309
100	0.6319800	0.9867137	0.9317045	0.4716004	0.1660959	0.6415457	0.0801175	0.0662785	0.5550502	0.4696982	0.9217755	0.2292326	1.0039652	0.5259587	0.8582902	0.6687012	0.4781245	0.2071293	0.0060479	0.3143089	1.0218166	0.7421346	0.2460352	0.1061581	0.9074753	0.5274034	0.6641367	0.0399720	0.9687166	0.8713116	0.0058914	0.9272889	1.0003683	1.0102690	0.3033037	0.2507433	0.9563034	0.9117446	1.0469323	0.4606663	0.3983522	0.8930989	0.6606501	0.4185422	0.3126104	0.4200877	0.2012758	0.2560950	0.2765693	0.0251930
200	0.7103516	1.0491164	1.0084937	0.5207806	0.2246639	0.6573116	0.0931755	0.0600049	0.5859450	0.4236354	0.9674049	0.2039542	1.0077921	0.5514913	0.8514218	0.6551211	0.3784406	0.1447075	0.0113110	0.3701758	1.0578690	0.7368246	0.2332488	0.1697783	0.9343823	0.4412853	0.5661077	0.0497814	0.9679747	0.8540915	0.0003680	0.9400320	1.0058278	0.9533492	0.5503324	0.3033345	1.0072515	1.0095804	0.9979736	0.4706516	0.4574872	0.7986671	0.6338404	0.1691254	0.3253487	0.4368397	0.3012233	0.2534541	0.2308080	0.0266220
300	0.7105544	1.0136340	0.9845065	0.5649220	0.1248629	0.7593852	0.0958531	0.0505797	0.7474656	0.4329612	1.0387397	0.1977718	0.9887739	0.5129329	0.5615412	0.7683660	0.3207153	0.1256473	0.0078782	0.3730119	0.9855372	0.6965897	0.2274781	0.2417871	0.9810781	0.4354708	0.6640101	0.0452371	1.0960351	0.7282563	0.0022026	0.9367002	0.9935498	0.9834756	0.5312106	0.6277622	0.9824542	0.9720972	0.9084758	0.4956899	0.4656278	0.9720122	0.5373283	0.1089494	0.3744249	0.4420128	0.3930111	0.2801985	0.2497126	0.0080957
400	0.7349542	0.9749138	0.9923930	0.6206115	0.1227900	0.7225584	0.0749195	0.0260774	0.8228835	0.4503520	0.9302750	0.2289457	1.0727575	0.4838901	0.6028041	0.6989357	0.3096579	0.1662119	0.0110519	0.3269217	1.0044767	0.7294938	0.2669178	0.2885922	1.0160792	0.4240390	0.6092157	0.0311351	1.0176346	0.8034733	0.0036467	0.9223979	0.9864524	1.0467513	0.6231460	0.5307551	0.9921631	0.9835355	0.9979165	0.4756249	0.4577043	0.8702710	0.5472417	0.0415635	0.3363289	0.4151235	0.2736746	0.2037113	0.1997076	0.0200587
500	0.8376789	0.9157883	1.0684968	0.6203293	0.0816048	0.6259450	0.0803807	0.0261914	0.8097674	0.3803318	1.0063621	0.1720577	0.9954146	0.5154605	0.6567054	0.6745689	0.2944369	0.1495848	0.0038237	0.3291385	0.9735644	0.7013817	0.2091767	0.1266789	1.0897890	0.5339856	0.5907701	0.0378872	1.0210185	0.7543940	0.0000333	0.9885251	0.9545154	0.9380224	0.5148840	0.5446787	0.9760967	0.9371358	0.9466270	0.5678515	0.4805654	0.8562987	0.5829780	0.0416701	0.3387492	0.3795621	0.3316997	0.2577882	0.2789968	0.0172904
600	0.8090921	0.9827329	0.9868978	0.5946372	0.2745147	0.0782223	0.0738270	0.0584162	0.7737955	0.5186529	0.9601917	0.4843271	1.0635043	0.5593692	0.6761089	1.0678390	0.3556251	0.9467017	0.0073690	0.4103020	1.0316856	0.8125044	0.2152428	0.1396515	1.0647306	0.5151443	0.9221233	0.0434170	1.0594495	0.7015559	0.0563432	0.9625279	0.9708371	0.9920249	0.4854920	0.4943341	1.0415377	1.0744978	1.0319898	0.5120206	0.7328374	0.8383109	0.6790149	0.3743807	0.3021325	0.1667524	0.2503716	0.2370983	0.0282488	0.9369001
700	0.7150207	1.0061580	0.9779198	0.6135315	0.2928058	0.0398500	0.0994782	0.0559998	0.5646597	0.9345257	1.0557947	0.4997889	0.9329735	0.4788585	0.7785110	0.9792754	0.4558010	0.9881613	0.0112650	0.3747575	0.9179645	0.6716292	0.2108040	0.0763983	0.9805886	0.6394813	0.9576043	0.0404500	0.9828701	0.9311619	0.0522435	0.9146061	1.0273220	0.9812550	0.3345350	0.2800323	0.9008431	1.0513691	1.0160227	0.5315922	0.6944932	0.9249642	0.7448098	0.4668883	0.3557856	0.2012935	0.1455398	0.2063052	0.0133266	0.8744758
800	0.6908393	0.9948002	0.9291129	0.4934680	0.3021162	0.0328483	0.0711282	0.0611729	0.5571573	0.9405561	1.0180265	0.5083880	0.9401347	0.6065738	0.8387685	0.9456492	0.5217181	0.9809600	0.0077177	0.3707748	1.0309569	0.7140358	0.2453613	0.0428398	0.9979136	0.5294983	0.9584351	0.0429818	0.9252642	0.7689958	0.0319092	0.9552194	1.0167835	0.9210691	0.3059540	0.2602410	1.0139231	1.1269708	0.9315153	0.5775870	0.6918438	0.8240964	0.8127714	0.4046546	0.3962949	0.2144651	0.1608952	0.2043145	0.0158069	0.9438398
900	0.7365637	1.0439650	0.9860617	0.6721959	0.3223599	0.0322411	0.1078218	0.0340832	0.7663502	0.9749885	0.9732594	0.5059494	0.9892721	0.5902630	0.8084676	1.0098282	0.4695515	0.9651958	0.0057178	0.3905570	1.0490392	0.7489257	0.2131448	0.1465568	0.9782724	0.4900280	0.9363102	0.0393233	0.9915566	0.7748766	0.0428428	0.9376976	1.0627366	0.9627626	0.2940831	0.1916988	1.1231510	0.9528341	1.0389697	0.4574707	0.7061199	0.8640440	0.7685561	0.3671238	0.4069010	0.2084547	0.1545821	0.1847483	0.0104101	0.8186438
1000	0.6902708	0.9228676	1.0662833	0.6139136	0.3440299	0.0412725	0.0863933	0.0370836	0.8619100	0.9978074	0.9019357	0.5285925	0.9568430	0.6364364	0.8053966	0.8745676	0.5090816	1.0118771	0.0045401	0.2879945	0.9560604	0.7397311	0.1714805	0.1465292	1.0380586	0.5861157	0.9765741	0.0314245	1.0402431	0.7375848	0.0696564	0.8640383	0.9664674	0.9548944	0.3432080	0.1906265	0.9550438	1.0315807	0.9860830	0.4484787	0.7737043	0.8063071	0.7526568	0.4134011	0.3669928	0.1899561	0.1132693	0.2332942	0.0040373	0.8589741

0	0.6442628	0.9728256	1.0375253	0.5838659	0.3494886	0.0405931	0.1003185	0.0599723	0.8170155	0.9946169	1.0290722	0.4855939	0.9388658	0.6042278	0.8771642	1.0180796	0.6106873	0.9475688	0.0043465	0.3774471	0.9941089	0.7581047	0.2178292	0.1664932	0.9372778	0.5748654	1.0384344	0.0335446	0.9866148	0.7906879	0.0295929	1.0118664	0.9521800	1.0467930	0.3851309	0.2404212	1.1481010	0.9657595	1.0166962	0.4937645	0.6750172	0.8598007	0.7132434	0.4894449	0.3860614	0.1853277	0.1033274	0.3100454	0.0093764	0.9237309
100	0.4726808	0.9470257	0.2642316	0.2632184	0.7521406	0.6356053	0.2701721	0.3331291	0.2473614	0.8185095	0.7476216	0.0509968	0.2851646	0.5506487	0.8158725	0.9734410	0.6119467	1.0436000	0.0045614	0.6453222	0.9691838	0.4225531	0.2862735	0.3368234	1.0906370	0.4838206	1.1238806	0.0023392	0.6273747	0.6158078	0.0408184	0.9493376	1.0495131	0.9940852	0.2899686	0.8559350	1.0035584	0.9658037	1.0789475	0.9773181	0.7887265	0.0475504	0.3754757	0.4441061	0.4216140	0.1895409	0.3213932	0.2232567	0.0268574	0.8314930
200	0.3030417	1.0995610	0.2307944	0.1101712	1.0150394	0.6744701	0.7841903	0.4171515	0.0676519	0.7759360	0.6167859	0.0511520	0.3191728	0.4997096	0.8029211	1.0552274	0.7518795	1.0195006	0.0208243	0.6459721	1.0687410	0.3179339	0.5306538	0.4104015	0.9600940	0.5774920	1.0411619	0.0003233	0.5994192	0.6104729	0.0433859	0.9712720	0.9336078	0.9689211	0.3441793	0.8856753	0.9786007	0.9551892	0.9956104	0.9432416	0.8607964	0.0090216	0.2854241	0.4485350	0.5614017	0.1688221	0.4942503	0.2105222	0.0138034	0.9892720
300	0.3277709	1.0339435	0.2123821	0.1326065	1.0637014	0.8387232	0.8069123	0.5026109	0.0308454	0.7666990	0.3981248	0.0729503	0.2739089	0.5716898	0.8177627	0.9601177	0.7188775	1.0585103	0.0429248	0.7527438	1.0544138	0.2247640	0.5322799	0.5013246	0.9739949	0.6921674	1.0047042	0.0000222	0.5801765	0.7842503	0.0246149	1.0289997	0.9802060	0.9569113	0.3311392	0.8692454	0.9923399	0.9836171	1.0827642	0.9411596	0.8905325	0.0154630	0.2884872	0.4211138	0.5576623	0.1582578	0.4222872	0.1794927	0.0057290	0.9656238
400	0.2856778	0.9810920	0.1810639	0.1097352	0.9605566	0.8414102	0.9284083	0.6080162	0.0293332	0.7311764	0.2994172	0.0594126	0.3015482	0.5395502	0.8823133	0.9932388	0.6359785	1.0431269	0.0150898	0.6930910	1.0633232	0.2608195	0.5633038	0.4807406	0.9812311	0.6284310	0.9610013	0.0000373	0.5983382	0.6812024	0.0506724	0.9590934	1.0080299	1.0816918	0.2296471	0.8307463	1.0272530	0.9969312	1.0384697	0.9311737	0.8487165	0.0010713	0.2920157	0.4211911	0.6748620	0.1754029	0.4636519	0.2050542	0.0104887	0.8750489
500	0.3275550	1.0220098	0.1794799	0.0875225	1.0284063	0.8763549	0.9729516	0.7061394	0.0439943	0.7718160	0.2462350	0.0770323	0.3184913	0.4705029	0.9259288	0.9909573	0.5884714	1.0217236	0.0299149	0.7365375	1.0713948	0.2559605	0.5582461	0.4784982	0.9856865	0.5387794	1.0299101	0.0001519	0.6088289	0.7961682	0.0377077	1.0058227	0.9525941	0.9173382	0.2802164	0.9185461	1.0210798	0.9966416	0.9899640	0.9935123	0.8939525	0.0016183	0.2494770	0.4042851	0.5611144	0.1535012	0.5040932	0.2172840	0.0090906	0.8943014
600	0.5134383	1.0015101	0.9787869	0.4126980	0.6194274	0.3945483	0.3677027	0.5847658	0.0322835	0.4811322	0.5056857	0.8940674	1.0240959	0.6135892	0.9085336	0.9809711	0.5821253	1.0738990	0.0095997	0.5110549	1.0672617	0.4664623	0.3281083	0.2899131	1.0146200	0.6520690	1.0340327	0.0179757	1.0712786	0.8158404	0.0267196	0.9902448	0.9952255	1.0117935	0.2765271	0.2727092	1.0369676	1.0100823	0.9628147	0.4875005	0.7647737	0.2919969	0.5983858	0.4149382	0.4008211	0.1780666	0.1814367	0.2049857	0.0136277	0.8160791
700	0.6538181	0.9402308	1.0528896	0.5678605	0.3610420	0.1002008	0.0900529	0.2168894	0.0348145	0.5418776	0.9059728	0.8386179	0.9989847	0.5643117	0.8176957	0.9551601	0.5624838	0.9429135	0.0027639	0.3809810	1.0267874	0.6538487	0.2091869	0.2210931	0.9729056	0.5526498	1.0327752	0.0167650	0.9598799	0.7998180	0.0373991	0.9395132	0.9452781	0.9985762	0.2788544	0.2064047	0.9810778	0.9601758	0.9060361	0.5911403	0.6774627	0.3194092	0.6504936	0.4549797	0.3394810	0.2029841	0.0860959	0.3184521	0.0104091	0.9139028
800	0.7336031	1.0395279	0.9674740	0.5837621	0.2835916	0.0521488	0.0868503	0.0642281	0.1685285	0.9519905	1.0569292	0.5601955	1.0821922	0.5868657	0.8224811	1.0610983	0.4711819	0.9620695	0.0073950	0.3829827	1.0157204	0.7746388	0.2178662	0.1404817	0.9989528	0.5880088	0.9910359	0.0378287	1.0214468	0.7280405	0.0474413	0.9535292	1.0713792	0.9573826	0.3116673	0.2267512	1.0049711	1.0033463	1.0068667	0.5145443	0.7021171	0.3301065	0.6784649	0.4533992	0.3710922	0.1769996	0.1253447	0.2018771	0.0043187	0.8771675
900	0.7071063	1.0357001	0.9278293	0.5984208	0.3048128	0.0285368	0.0716449	0.0383760	0.6735338	1.0392018	1.0359338	0.4191282	1.0266920	0.6047277	0.8868331	0.9537389	0.5207663	1.0801890	0.0093063	0.3651937	1.0454292	0.8304530	0.2351918	0.1753786	0.9334973	0.5683097	1.0140969	0.0262712	0.9652679	0.7767844	0.0375674	0.9514777	0.9970298	1.0059713	0.3172532	0.2434516	1.0187301	1.0454140	0.8817053	0.5134796	0.7604846	0.6633082	0.6993629	0.4300421	0.3973091	0.1913507	0.1591177	0.2300408	0.0148329	0.9315157
1000	0.6705005	0.9180471	0.9911908	0.6228734	0.3604983	0.0399525	0.1140787	0.0287427	0.8560420	0.9771244	1.0407787	0.3778104	1.0003575	0.5994840	0.8877774	1.0581565	0.5107927	1.0543111	0.0060340	0.3500292	1.0442520	0.7626289	0.2387422	0.1542460	1.0508751	0.6348614	1.0153673	0.0419361	0.9896020	0.8464147	0.0300287	0.9633075	0.9934435	1.0819950	0.2617470	0.1457125	1.0844398	1.0027970	1.0081627	0.4306029	0.6512764	0.9088326	0.6750869	0.4167797	0.3844897	0.1998174	0.1013237	0.1853817	0.0176916	0.8194861

0	0.6442628	0.9728256	1.0375253	0.5838659	0.3494886	0.0405931	0.1003185	0.0599723	0.8170155	0.9946169	1.0290722	0.4855939	0.9388658	0.6042278	0.8771642	1.0180796	0.6106873	0.9475688	0.0043465	0.3774471	0.9941089	0.7581047	0.2178292	0.1664932	0.9372778	0.5748654	1.0384344	0.0335446	0.9866148	0.7906879	0.0295929	1.0118664	0.9521800	1.0467930	0.3851309	0.2404212	1.1481010	0.9657595	1.0166962	0.4937645	0.6750172	0.8598007	0.7132434	0.4894449	0.3860614	0.1853277	0.1033274	0.3100454	0.0093764	0.9237309
100	0.7004191	1.0043945	1.0283665	0.6079255	0.3310925	0.8293585	0.0685998	0.0407129	0.7020416	0.1848782	0.4434730	0.5372782	0.9920789	0.5425652	0.8978858	0.9733857	0.6173169	1.1249206	0.0005940	0.3692862	0.9693415	0.7859326	0.2249336	0.2489102	1.0053246	0.7881780	0.9475696	0.0000254	0.1830929	0.8201551	0.0339162	0.9083603	0.5243670	1.0036689	0.1924165	0.1276697	1.0627551	1.0444515	0.7675554	0.4479342	0.7619662	0.8170330	0.8014470	0.4100100	0.3504846	0.1746479	0.2201583	0.2740758	0.0114450	0.8179530
200	0.7206233	0.9373269	1.0319119	0.6719297	0.2261038	0.9741366	0.0297178	0.0226069	0.7615242	0.1035875	0.3647252	0.7018349	0.9899119	0.5472427	0.8402028	0.9994024	0.5400126	1.0158041	0.0022018	0.3621005	1.0351972	0.7675122	0.2231769	0.3746831	0.9422397	0.7816272	1.0399933	0.0005689	0.1845291	0.7728097	0.0630847	0.9716844	0.3967700	0.8830954	0.2040192	0.1238156	1.0002661	1.0393509	0.7241982	0.4753472	0.6785243	0.7449861	0.8644126	0.4200562	0.3735794	0.1528174	0.3753070	0.2233474	0.0211569	0.7438388
300	0.7554293	0.9596830	0.9944116	0.5555528	0.2279149	1.0545912	0.0501098	0.0605991	0.8436473	0.0914763	0.3400564	0.7058826	1.0057788	0.5306546	0.8992619	0.8775379	0.5631223	1.0934996	0.0007795	0.4219010	0.9786085	0.7413815	0.2502203	0.3711587	0.9809483	0.7956472	0.9837805	0.0003348	0.1879026	0.7762096	0.0626290	0.8483205	0.3679618	1.0315157	0.1777835	0.0779486	1.0275919	1.0338747	0.8066997	0.5023838	0.6424622	0.8411630	0.9143561	0.4879802	0.3761278	0.1775654	0.3088935	0.2092538	0.0175418	0.6609154
400	0.6843669	1.0127460	0.9941208	0.6173114	0.2610839	0.9696312	0.0425522	0.0398315	0.8066440	0.0721307	0.3862763	0.7594644	0.9688351	0.5149348	0.9131594	0.9602074	0.5824022	1.0465017	0.0000000	0.3606979	1.0241053	0.8076010	0.2144625	0.4137409	0.9968258	0.8922763	0.9643826	0.0002273	0.1942632	0.7732680	0.0601885	0.8467030	0.4123777	0.9819789	0.2180321	0.0700376	0.9873429	1.0697399	0.7492844	0.4739221	0.6388902	0.8263217	0.8326280	0.4094623	0.4006540	0.1238307	0.2922896	0.1905546	0.0561141	0.8801659
500	0.6854926	1.0275377	1.0449780	0.5551202	0.2108230	0.9905620	0.0390543	0.0400464	0.8315740	0.1051779	0.3441883	0.6698842	1.0254291	0.5871054	1.0536051	1.0026856	0.5009394	1.0328059	0.0000000	0.3729870	1.0172817	0.8511272	0.2403206	0.3901538	0.9979608	0.8093181	1.0167912	0.0003376	0.1443146	0.7652471	0.0748933	0.9454710	0.3583380	0.9534389	0.2166686	0.1186309	0.9673562	0.9875235	0.7841441	0.4852045	0.6306459	0.9619761	0.8780799	0.4724256	0.3291038	0.1658699	0.3012620	0.2444737	0.0343699	0.7233227
600	0.7408651	1.0545632	1.0891255	0.5972658	0.2064343	0.1088403	0.0737479	0.0345597	0.7684976	0.3767865	0.8046486	0.8164631	1.0035149	0.5410250	0.9472803	1.0532891	0.4462247	1.0257477	0.0094435	0.3549188	0.9490545	0.7506784	0.2525637	0.2548384	0.9862901	0.5768638	1.0475917	0.0353019	1.0321503	0.7672309	0.0490854	0.9305842	0.9088296	0.9777603	0.2808507	0.1397424	0.9968891	0.9706717	1.0610726	0.5070913	0.7600822	0.9282270	0.6965916	0.4055205	0.3540174	0.1933071	0.1687639	0.2981054	0.0259370	0.9218154
700	0.7483027	1.0388981	1.0087296	0.5845393	0.2404629	0.0478761	0.0833896	0.0556536	0.6951707	0.8631349	0.9704608	0.6206592	1.0188435	0.5625664	0.9667059	1.0131550	0.5215551	1.1333178	0.0043391	0.3587738	1.0278232	0.7107661	0.2003002	0.1340304	0.9261106	0.6170951	1.0340875	0.0506813	0.9938260	0.7321611	0.0351191	0.8915713	0.9950374	0.9648970	0.2612051	0.2005933	0.9905316	1.0183974	0.9659879	0.5782361	0.7632394	0.8233435	0.6494062	0.4414056	0.3667103	0.1745031	0.1545073	0.1895984	0.0133824	0.8877227
800	0.6769118	1.0308547	1.0461182	0.6083782	0.2963531	0.0562283	0.1124839	0.0669774	0.6499763	1.0175544	0.9984007	0.5501820	0.9574657	0.5683493	0.8045850	1.0358007	0.6062108	1.0032965	0.0134075	0.3389858	0.9912183	0.8199477	0.2173476	0.1232694	1.0517135	0.5756216	0.8993144	0.0461456	1.0231128	0.7404994	0.0216245	0.8871693	0.9370978	1.0267923	0.3052180	0.1539213	1.0994640	0.9826443	0.9589208	0.4910363	0.6981225	0.7948895	0.6225154	0.4620267	0.3641671	0.2064515	0.1099739	0.2329901	0.0127537	0.8258759
900	0.7611161	1.0017307	1.0364296	0.6448395	0.2447469	0.0322780	0.0766072	0.0481808	0.5406250	0.9501065	0.9891699	0.4856963	1.0281865	0.5658648	0.8014766	1.0063477	0.5575180	1.0455199	0.0086662	0.3740324	1.0054915	0.7006881	0.2336076	0.1565715	0.9687809	0.6071730	0.9961360	0.0270309	1.0431094	0.7991934	0.0259314	0.8645683	0.9402004	0.9769168	0.2766723	0.2388866	1.1009604	0.9586834	1.0214466	0.4842950	0.6303124	0.8010592	0.6683189	0.4538427	0.3603583	0.1884924	0.1177017	0.2241234	0.0017357	0.8621544
1000	0.7237135	0.9589857	1.0400375	0.4996591	0.2723279	0.0292793	0.0465383	0.0567916	0.6714625	0.9870650	1.0637268	0.5014981	1.0401817	0.5611859	0.7464253	0.9592007	0.5425314	1.1154426	0.0025072	0.4018973	1.0142448	0.6187939	0.2361187	0.1676895	0.9260093	0.5895348	0.9705790	0.0486087	1.1192762	0.8075181	0.0401009	0.8934302	1.0132447	0.9746113	0.3707945	0.3280265	0.9598122	1.0174236	0.9134160	0.4970584	0.7524839	0.8145624	0.6800011	0.4306723	0.3625732	0.1915468	0.1071741	0.1955254	0.0104323	0.8769565

0	0.6442628	0.9728256	1.0375253	0.5838659	0.3494886	0.0405931	0.1003185	0.0599723	0.8170155	0.9946169	1.0290722	0.4855939	0.9388658	0.6042278	0.8771642	1.0180796	0.6106873	0.9475688	0.0043465	0.3774471	0.9941089	0.7581047	0.2178292	0.1664932	0.9372778	0.5748654	1.0384344	0.0335446	0.9866148	0.7906879	0.0295929	1.0118664	0.9521800	1.0467930	0.3851309	0.2404212	1.1481010	0.9657595	1.0166962	0.4937645	0.6750172	0.8598007	0.7132434	0.4894449	0.3860614	0.1853277	0.1033274	0.3100454	0.0093764	0.9237309
100	0.5828387	0.3890235	0.9963906	0.5498655	0.3009746	0.0420847	0.0104171	0.0410874	0.6649262	0.9602918	1.0446768	0.4522186	0.9728619	0.3148187	0.9040273	1.0468512	0.5855563	1.0349084	0.0053811	0.2697555	1.0041781	0.9205801	0.0146796	0.0797439	1.0921188	0.6142730	0.9780225	0.0549460	0.9472304	0.5855382	0.0628442	0.8703103	1.0452495	0.2559737	0.2937642	0.2519749	0.2621016	0.0824037	1.0517837	0.7060858	0.7937653	0.4888464	0.7776469	0.9325757	0.3396899	0.1764670	0.1123117	0.2302986	0.0154976	0.9251523
200	0.6611781	0.3884634	1.0155882	0.6196909	0.2815531	0.0405074	0.0146205	0.0298996	0.8608648	1.0369852	0.9572412	0.4409370	0.9827521	0.3084270	0.8354180	0.9742899	0.6318880	0.9861782	0.0042829	0.1880984	1.0013485	0.9693804	0.0076912	0.1608942	1.0487285	0.5878918	1.0039514	0.0369575	0.9748656	0.5986153	0.1724334	0.8745440	0.9471075	0.2214153	0.3908643	0.2510332	0.1563481	0.0269886	0.9741939	0.6382462	0.9018565	0.3430265	0.7979734	1.0234881	0.2580321	0.0476815	0.1024316	0.2692691	0.0192197	0.9904161
300	0.6561312	0.3827737	1.0284675	0.5972143	0.2886496	0.0559187	0.0392049	0.0393338	0.6650525	1.1307442	0.9285693	0.6111663	1.0194741	0.3011414	0.9164172	1.0371347	0.6244415	0.9556279	0.0040120	0.1837359	1.0415388	0.9632697	0.0113018	0.2748191	1.0470497	0.5865807	1.0001668	0.0320829	0.9097652	0.6572299	0.1544821	0.7258949	0.9918766	0.2034026	0.3623182	0.2635319	0.1633065	0.0246069	1.0376397	0.5603146	0.8641724	0.3252610	0.8422544	1.0348337	0.2549836	0.0406593	0.1016299	0.2761121	0.0119431	0.8934486
400	0.6407703	0.3308415	1.0818923	0.5871286	0.2729333	0.0434017	0.0123742	0.0342784	0.9105359	1.0568627	0.9264636	0.4669919	0.9512283	0.3313367	0.9003375	0.9537396	0.5795277	1.0586868	0.0085375	0.1897516	1.0438089	1.0398968	0.0053130	0.2211979	0.9393290	0.5649164	0.8815028	0.0339291	1.0133088	0.6369609	0.1608861	0.7563740	1.0651330	0.2214678	0.2764999	0.2942445	0.1762156	0.0267033	0.9901230	0.7265132	0.9189892	0.2611075	0.8766055	1.0187984	0.2879934	0.0221226	0.0804183	0.3141353	0.0130716	0.8028126
500	0.6577120	0.3797591	0.9497758	0.6233432	0.2687971	0.0368541	0.0347125	0.0384221	0.9719402	0.8582912	0.9868317	0.6139977	1.0221439	0.3522949	0.9654532	0.9924712	0.5576920	1.0065027	0.0097152	0.1560693	0.9709862	1.0040136	0.0113833	0.3337156	0.9243060	0.5899515	0.9691746	0.0306477	1.0365574	0.6416787	0.1728561	0.7295935	0.9820136	0.2322147	0.3717086	0.2025412	0.1900137	0.0283694	0.9696051	0.7632847	0.8821486	0.1793286	0.8904257	1.0025835	0.2697459	0.0304925	0.0991356	0.2458121	0.0072078	0.9202612
600	0.6338679	1.0149240	1.0039494	0.6314361	0.3118803	0.0445055	0.1038715	0.0526494	0.9750825	1.0577309	0.9861847	0.5334684	0.9425908	0.6278263	0.9086396	0.9709812	0.5341769	1.0193623	0.0071330	0.2540117	1.0443511	0.9207100	0.2401367	0.2331311	0.9411797	0.5808976	1.0066129	0.0475634	0.9684542	0.7223796	0.0769734	0.8828979	1.0571951	0.9515817	0.2635517	0.2082774	0.9254210	0.9244072	0.9427248	0.3711176	0.7559275	0.7442128	0.8202841	0.7331210	0.4244448	0.3003668	0.0558439	0.2633374	0.0142518	0.8889083
700	0.6916388	1.0788622	1.0157151	0.5353949	0.3505805	0.0309835	0.0888244	0.0356476	0.9154466	0.9152899	1.0248526	0.4172978	0.9024779	0.5609535	0.7886177	0.9940209	0.5715963	0.9447843	0.0034665	0.3739313	1.0588226	0.7826471	0.2863031	0.1206933	1.0830483	0.6652894	0.9225003	0.0547567	1.0081099	0.8694527	0.0539202	0.9388828	0.9975396	1.0029027	0.3005186	0.2374922	0.9566224	1.0433990	1.0171447	0.4546868	0.6744538	1.0196698	0.7493964	0.4427864	0.3500838	0.2113734	0.1033894	0.3284584	0.0146268	0.8442885
800	0.7676978	0.9387032	1.0826097	0.5970542	0.2584163	0.0321742	0.0556909	0.0407867	0.7514563	0.8962366	0.9178483	0.4922427	0.9574482	0.6537827	0.8999031	1.0218061	0.5389818	1.0043312	0.0073435	0.3012734	1.0129384	0.7914034	0.2344185	0.1335666	1.0542743	0.4968440	1.0670429	0.0487680	1.0119070	0.7396183	0.0488195	0.9068123	0.9982825	0.9826493	0.4072187	0.1510274	0.8880427	1.0110977	1.0135363	0.5089812	0.7327219	0.8204955	0.6446969	0.4215440	0.3357270	0.1979732	0.1386554	0.2379189	0.0051300	0.8664758
900	0.6592018	0.9063073	1.0190867	0.5470358	0.2035877	0.0389581	0.0864819	0.0435016	0.6924275	0.9956095	0.9971940	0.5329218	1.0139161	0.6201215	0.8071319	0.9853980	0.5236000	0.9532179	0.0030400	0.3496621	0.9473866	0.7309683	0.2056057	0.1135698	1.0258044	0.5991025	0.9545353	0.0286000	0.9993563	0.7254760	0.0422111	0.9388028	0.9839195	1.0985230	0.3304348	0.2821053	1.0034736	1.0907255	1.0077066	0.5639698	0.7772742	0.7179903	0.7333933	0.4518036	0.4585518	0.1833455	0.1540568	0.2463360	0.0058327	0.8588529
1000	0.7018693	1.0073771	0.9303014	0.5542630	0.3348845	0.0635397	0.1071446	0.0339512	0.9262653	0.9511636	0.9110654	0.4856182	0.9420649	0.5877822	0.7958526	0.9148023	0.5561588	1.0027961	0.0025127	0.3730322	0.9377597	0.8022694	0.2485482	0.1877480	1.0159977	0.5796085	0.9594471	0.0231834	1.0355946	0.7096500	0.0338421	0.8865613	0.9863190	1.0364113	0.3188537	0.2044629	0.9399217	1.0526442	1.0117743	0.4630900	0.7363921	0.7911043	0.6887181	0.3878630	0.4336935	0.2117620	0.1238037	0.1929663	0.0127955	0.8439301
