"V1"	"V2"	"V3"	"V4"	"V5"	"V6"	"V7"	"V8"	"V9"	"V10"	"V11"	"V12"	"V13"	"V14"	"V15"	"V16"	"V17"	"V18"	"V19"	"V20"	"V21"	"V22"	"V23"	"V24"	"V25"	"V26"	"V27"	"V28"	"V29"	"V30"	"V31"	"V32"	"V33"	"V34"	"V35"	"V36"	"V37"	"V38"	"V39"	"V40"	"V41"	"V42"	"V43"	"V44"	"V45"	"V46"	"V47"	"V48"	"V49"	"V50"	"V51"	"V52"	"V53"	"V54"	"V55"	"V56"	"V57"	"V58"	"V59"	"V60"	"V61"	"V62"	"V63"	"V64"	"V65"	"V66"	"V67"	"V68"	"V69"	"V70"	"V71"	"V72"	"V73"	"V74"	"V75"	"V76"	"V77"	"V78"	"V79"	"V80"	"V81"	"V82"	"V83"	"V84"	"V85"	"V86"	"V87"	"V88"	"V89"	"V90"	"V91"	"V92"	"V93"	"V94"	"V95"	"V96"	"V97"	"V98"	"V99"	"V100"
"1"	4896	4896	4896	4896	4896	4896	4896	9795	4896	4896	4896	4896	4896	4896	4896	9938	4896	4896	4896	4896	4896	4896	4896	4896	4896	4896	4896	4896	4896	4896	4896	4896	4896	4896	4896	9814	9945	4896	4896	4896	4896	4896	4896	4896	4896	4896	4896	4896	4896	4896	4896	4896	4896	4896	4896	4896	4896	4896	4896	4896	4896	4896	4896	4896	4896	4896	4896	4896	4896	4896	4896	4896	4896	4896	4896	4896	4896	4896	4896	4896	4896	4896	4896	4896	4896	4896	4896	4896	4896	4896	4896	4896	4896	4896	4896	4896	4896	4896	4896	4896
"2"	9816	4896	4896	9836	4896	4896	4896	4896	4896	4896	4896	4896	4896	4896	4896	4896	4896	4896	4896	4896	4896	4896	4896	4896	4896	4896	4896	4896	4896	4896	4896	4896	4896	4896	4896	4896	4896	4896	4896	4896	4896	4896	4896	4896	4896	4896	4896	4896	4896	4896	4896	4896	4896	4896	4896	4896	4896	4896	4896	4896	4896	4896	4896	4896	4896	4896	4896	4896	4896	4896	4896	4896	4896	4896	4896	4896	4896	4896	4896	4896	4896	4896	4896	4896	4896	4896	4896	4896	4896	4896	4896	4896	4896	4896	4896	4896	4896	4896	4896	4896
"3"	4896	4896	4896	4896	4896	4896	4896	4896	4896	4896	4896	4896	4896	4896	4896	4896	4896	4896	4896	4896	4896	4896	4896	4896	4896	4896	4896	4896	4896	4896	4896	4896	4896	4896	4896	4896	4896	4896	4896	4896	4896	4896	4896	4896	4896	4896	4896	9821	4896	4896	4896	4896	4896	4896	4896	4896	4896	4896	4896	4896	4896	4896	4896	4896	4896	4896	4896	4896	4896	4896	4896	4896	4896	4896	4896	4896	4896	4896	4896	4896	4896	4896	4896	4896	4896	4896	4896	4896	4896	4896	4896	4896	4896	4896	4896	4896	4896	4896	4896	4896
"4"	9830	4896	4896	4896	9811	4896	4896	4896	4896	4896	4896	4896	4896	4896	4896	4896	4896	4896	4896	4896	4896	4896	4896	9888	4896	4896	4896	4896	4896	4896	4896	4896	4896	4896	4896	4896	4896	4896	4896	4896	4896	4896	4896	4896	4896	4896	4896	4896	4896	4896	4896	4896	4896	4896	4896	4896	4896	4896	4896	4896	4896	4896	4896	4896	4896	4896	4896	4896	4896	4896	4896	4896	4896	4896	4896	4896	4896	4896	4896	4896	4896	4896	4896	4896	4896	4896	4896	4896	4896	4896	4896	4896	4896	4896	4896	4896	4896	4896	4896	4896
"5"	4896	4896	4896	4896	4896	4896	4896	4896	4896	4896	4896	4896	4896	4896	9933	4896	4896	4896	4896	4896	4896	4896	4896	4896	4896	4896	4896	4896	4896	4896	4896	4896	4896	4896	4896	4896	4896	4896	4896	4896	4896	4896	4896	4896	4896	4896	4896	4896	4896	4896	4896	4896	4896	4896	4896	4896	4896	4896	4896	4896	4896	4896	4896	4896	4896	4896	4896	4896	4896	4896	4896	4896	4896	4896	4896	4896	4896	4896	4896	4896	4896	4896	4896	4896	4896	4896	4896	4896	4896	4896	4896	4896	4896	4896	4896	4896	4896	9845	4896	4896
"6"	4896	4896	4896	4896	4896	4896	4896	4896	4896	4896	4896	4896	4896	4896	9994	4896	4896	4896	4896	4896	4896	4896	4896	4896	4896	4896	4896	4896	4896	4896	4896	4896	4896	4896	4896	4896	4896	4896	4896	4896	4896	4896	4896	4896	4896	4896	4896	4896	4896	4896	4896	4896	4896	4896	4896	4896	4896	4896	4896	4896	4896	4896	4896	4896	4896	4896	4896	4896	4896	4896	4896	4896	4896	4896	4896	4896	4896	4896	4896	4896	4896	4896	4896	4896	4896	4896	4896	4896	4896	4896	4896	4896	4896	4896	4896	4896	4896	4896	4896	4896
"7"	4896	4896	4896	4896	4896	4896	4896	4896	4896	4896	4896	4896	4896	4896	4896	4896	4896	4896	4896	4896	4896	4896	4896	4896	9796	4896	4896	4896	4896	4896	4896	4896	4896	4896	4896	4896	4896	4896	4896	4896	4896	4896	4896	4896	4896	4896	4896	4896	4896	4896	4896	4896	4896	4896	4896	4896	4896	4896	4896	4896	4896	4896	4896	4896	4896	4896	4896	4896	4896	4896	4896	4896	4896	4896	4896	4896	4896	4896	4896	4896	4896	4896	4896	4896	4896	4896	4896	4896	4896	4896	4896	4896	4896	4896	4896	4896	4896	4896	4896	4896
"8"	4896	4896	4896	4896	9875	4896	4896	4896	4896	4896	4896	4896	4896	4896	4896	4896	4896	4896	4896	4896	4896	4896	4896	4896	4896	4896	4896	4896	4896	4896	4896	4896	4896	4896	4896	4896	9935	4896	4896	4896	4896	4896	4896	4896	4896	4896	4896	4896	4896	4896	4896	4896	4896	4896	4896	4896	4896	4896	4896	4896	4896	4896	4896	4896	4896	4896	4896	4896	4896	4896	4896	4896	4896	4896	4896	4896	4896	4896	4896	4896	4896	4896	4896	4896	4896	4896	4896	4896	4896	4896	4896	4896	4896	4896	4896	4896	4896	4896	4896	4896
"9"	4896	4896	4896	4896	4896	4896	4896	4896	4896	4896	4896	4896	4896	4896	4896	4896	4896	4896	4896	4896	4896	4896	4896	4896	4896	4896	4896	4896	4896	4896	4896	4896	4896	4896	4896	4896	4896	4896	4896	4896	4896	4896	9943	4896	4896	9800	4896	4896	4896	4896	4896	4896	4896	4896	4896	4896	4896	4896	4896	4896	4896	4896	4896	4896	4896	4896	4896	4896	4896	4896	4896	4896	4896	4896	4896	4896	4896	4896	4896	4896	4896	4896	4896	4896	9918	4896	4896	4896	4896	4896	4896	4896	4896	4896	4896	4896	4896	4896	4896	4896
"10"	4896	4896	4896	4896	9818	4896	4896	4896	4896	4896	4896	4896	4896	4896	4896	4896	4896	4896	4896	4896	4896	4896	4896	4896	4896	4896	4896	4896	4896	4896	4896	4896	4896	4896	4896	4896	4896	4896	4896	4896	4896	4896	9983	4896	4896	4896	4896	4896	4896	4896	4896	4896	4896	4896	4896	4896	4896	4896	4896	4896	4896	4896	4896	4896	4896	4896	4896	4896	4896	4896	4896	4896	4896	4896	4896	4896	4896	4896	4896	4896	4896	4896	4896	4896	4896	4896	4896	4896	4896	4896	4896	4896	4896	4896	4896	4896	4896	4896	4896	4896
"11"	4896	4896	4896	4896	4896	4896	4896	4896	4896	4896	4896	4896	9908	4896	9966	4896	4896	4896	4896	4896	4896	4896	4896	4896	4896	4896	4896	4896	4896	4896	4896	4896	4896	4896	4896	4896	4896	4896	4896	4896	4896	4896	4896	4896	4896	4896	4896	4896	4896	4896	4896	4896	4896	4896	4896	4896	4896	4896	4896	4896	4896	4896	4896	4896	4896	4896	4896	4896	4896	4896	4896	4896	4896	4896	4896	4896	4896	4896	4896	4896	4896	4896	4896	4896	9803	4896	4896	4896	4896	4896	4896	4896	4896	4896	4896	4896	4896	4896	4896	4896
"12"	4896	4896	4896	4896	4896	4896	4896	4896	4896	9828	9823	4896	4896	4896	4896	4896	4896	4896	4896	4896	4896	4896	4896	4896	4896	4896	4896	4896	4896	4896	4896	4896	4896	4896	4896	4896	4896	4896	4896	4896	4896	4896	4896	4896	4896	4896	4896	4896	4896	4896	4896	4896	4896	4896	4896	4896	4896	4896	4896	4896	4896	4896	4896	4896	4896	4896	4896	4896	4896	4896	4896	4896	4896	4896	4896	4896	4896	4896	4896	4896	4896	4896	4896	4896	4896	9815	4896	4896	4896	4896	4896	4896	4896	4896	4896	4896	4896	4896	4896	4896
"13"	4896	4896	4896	4896	4896	4896	4896	4896	4896	4896	9972	4896	4896	4896	4896	4896	4896	4896	4896	4896	4896	4896	4896	4896	4896	4896	4896	4896	4896	4896	4896	4896	4896	4896	4896	4896	4896	4896	4896	4896	4896	4896	4896	4896	4896	4896	4896	4896	4896	4896	4896	4896	4896	4896	4896	4896	4896	4896	4896	4896	4896	4896	4896	4896	4896	4896	4896	4896	4896	4896	4896	4896	4896	4896	4896	4896	4896	4896	4896	4896	4896	4896	4896	4896	9799	4896	4896	4896	4896	4896	4896	4896	4896	4896	4896	4896	4896	4896	4896	4896
"14"	4896	4896	4896	4896	4896	4896	4896	4896	4896	9939	4896	4896	4896	4896	9964	4896	4896	4896	4896	4896	4896	4896	4896	4896	4896	4896	4896	4896	4896	4896	4896	4896	4896	4896	4896	4896	4896	4896	4896	4896	4896	4896	4896	4896	4896	4896	4896	4896	4896	4896	4896	4896	4896	4896	4896	4896	4896	4896	4896	4896	4896	4896	4896	4896	4896	4896	4896	4896	4896	4896	4896	4896	4896	4896	4896	4896	4896	4896	4896	4896	4896	4896	4896	4896	4896	4896	4896	4896	4896	4896	9820	4896	4896	4896	4896	4896	4896	4896	4896	4896
"15"	4896	4896	4896	4896	9956	9990	4896	4896	4896	4896	4896	4896	4896	4896	4896	4896	4896	4896	4896	4896	4896	4896	4896	4896	4896	4896	4896	4896	4896	4896	4896	4896	4896	4896	4896	4896	4896	4896	4896	4896	4896	4896	4896	4896	4896	4896	4896	4896	4896	4896	4896	4896	4896	4896	4896	4896	4896	4896	4896	4896	4896	4896	4896	4896	4896	4896	4896	4896	4896	4896	4896	4896	4896	4896	4896	4896	4896	4896	4896	4896	4896	4896	4896	4896	4896	4896	4896	4896	4896	4896	4896	4896	4896	4896	4896	4896	4896	4896	4896	4896
"16"	4896	4896	4896	4896	4896	4896	4896	4896	4896	4896	4896	4896	4896	9871	4896	4896	4896	4896	4896	4896	4896	4896	4896	4896	4896	4896	4896	4896	4896	4896	4896	4896	4896	4896	4896	9954	4896	4896	4896	4896	4896	4896	4896	4896	4896	9887	4896	4896	4896	4896	4896	4896	4896	4896	4896	4896	4896	4896	4896	4896	4896	4896	4896	4896	4896	4896	4896	4896	4896	4896	4896	4896	4896	4896	4896	4896	4896	4896	4896	4896	4896	4896	4896	4896	4896	4896	4896	4896	4896	4896	4896	4896	4896	4896	4896	4896	4896	4896	4896	4896
"17"	4896	4896	4896	4896	9824	4896	4896	4896	4896	4896	4896	4896	4896	9925	4896	4896	4896	4896	4896	4896	4896	4896	4896	4896	4896	4896	4896	4896	4896	4896	4896	4896	4896	4896	4896	4896	4896	9893	4896	4896	4896	4896	4896	4896	4896	4896	4896	4896	4896	4896	4896	4896	4896	4896	4896	4896	4896	4896	4896	4896	4896	4896	4896	4896	4896	4896	4896	4896	4896	4896	4896	4896	4896	4896	4896	4896	4896	4896	4896	4896	4896	4896	4896	4896	4896	4896	4896	4896	4896	4896	4896	4896	4896	4896	4896	4896	4896	4896	4896	4896
"18"	4896	4896	4896	4896	4896	4896	4896	4896	4896	4896	4896	4896	4896	4896	4896	4896	4896	4896	4896	4896	4896	4896	4896	4896	4896	4896	4896	4896	4896	4896	4896	4896	4896	4896	4896	4896	4896	4896	4896	4896	4896	4896	4896	4896	4896	9985	4896	4896	4896	4896	4896	4896	4896	4896	4896	4896	4896	4896	4896	4896	4896	4896	4896	4896	4896	4896	4896	4896	4896	4896	4896	4896	4896	4896	4896	4896	4896	4896	4896	4896	4896	4896	4896	4896	4896	4896	4896	4896	4896	4896	4896	4896	4896	4896	4896	4896	4896	4896	4896	4896
"19"	4896	4896	4896	4896	4896	4896	4896	4896	9955	4896	4896	4896	4896	4896	4896	4896	4896	4896	4896	9974	4896	4896	4896	4896	4896	4896	4896	4896	4896	4896	4896	4896	4896	4896	4896	4896	4896	4896	4896	4896	4896	4896	4896	4896	4896	4896	4896	4896	4896	4896	4896	4896	4896	4896	4896	4896	4896	4896	4896	4896	4896	4896	4896	4896	4896	4896	4896	4896	4896	4896	4896	4896	4896	4896	4896	4896	4896	4896	4896	4896	4896	4896	4896	4896	4896	4896	4896	4896	4896	4896	4896	4896	4896	4896	4896	4896	4896	4896	4896	4896
"20"	4896	4896	4896	4896	4896	4896	4896	4896	4896	4896	4896	4896	4896	4896	4896	4896	4896	4896	4896	4896	4896	4896	4896	4896	4896	4896	4896	4896	4896	4896	4896	4896	4896	4896	4896	4896	4896	4896	4896	4896	4896	4896	4896	4896	4896	4896	4896	4896	4896	4896	4896	4896	4896	4896	4896	4896	4896	4896	4896	4896	4896	4896	4896	4896	4896	4896	4896	4896	4896	4896	4896	4896	4896	4896	4896	4896	4896	4896	4896	9997	4896	4896	9912	4896	4896	4896	4896	4896	4896	4896	4896	4896	4896	4896	4896	4896	4896	4896	4896	4896
"21"	4896	4896	4896	4896	9860	4896	4896	4896	4896	4896	4896	4896	4896	4896	4896	4896	4896	4896	4896	4896	4896	4896	4896	4896	4896	9947	4896	4896	4896	4896	4896	4896	4896	4896	4896	4896	4896	4896	4896	4896	4896	4896	4896	4896	4896	4896	4896	4896	4896	4896	4896	4896	4896	4896	4896	4896	4896	4896	4896	9858	4896	4896	4896	4896	4896	4896	4896	4896	4896	4896	4896	4896	4896	4896	4896	4896	4896	4896	4896	4896	4896	4896	4896	4896	4896	4896	4896	4896	4896	4896	4896	4896	4896	4896	4896	4896	4896	4896	4896	4896
"22"	4896	4896	4896	4896	4896	4896	4896	4896	4896	4896	4896	4896	4896	4896	4896	4896	4896	4896	4896	4896	4896	4896	4896	4896	4896	4896	4896	4896	4896	4896	4896	4896	4896	4896	4896	4896	4896	4896	4896	4896	4896	4896	4896	4896	4896	9970	4896	4896	4896	4896	4896	4896	4896	4896	4896	4896	9902	4896	4896	4896	4896	4896	4896	4896	4896	4896	4896	4896	4896	4896	4896	4896	4896	4896	4896	4896	4896	4896	4896	4896	4896	4896	4896	4896	4896	4896	4896	4896	4896	4896	4896	4896	4896	4896	4896	4896	4896	4896	4896	4896
"23"	4896	4896	4896	4896	4896	4896	4896	4896	4896	4896	4896	4896	4896	4896	4896	4896	4896	4896	4896	4896	4896	4896	4896	4896	4896	4896	4896	4896	4896	4896	4896	4896	4896	4896	4896	4896	9992	4896	4896	4896	4896	4896	4896	4896	4896	4896	4896	4896	4896	4896	4896	4896	4896	4896	4896	4896	4896	4896	4896	4896	4896	4896	4896	4896	4896	4896	4896	4896	4896	4896	4896	4896	4896	4896	4896	4896	4896	4896	4896	4896	4896	4896	4896	4896	4896	4896	4896	4896	4896	4896	4896	4896	4896	4896	4896	4896	4896	4896	4896	4896
"24"	4896	4896	4896	4896	4896	4896	4896	4896	4896	4896	4896	4896	4896	4896	4896	4896	4896	4896	4896	4896	4896	4896	4896	4896	4896	4896	4896	4896	4896	4896	4896	4896	4896	4896	4896	4896	9807	4896	4896	4896	4896	4896	4896	4896	4896	4896	4896	4896	4896	4896	4896	4896	4896	4896	4896	4896	4896	4896	4896	4896	4896	4896	4896	4896	4896	4896	4896	4896	4896	4896	4896	9910	4896	4896	4896	4896	4896	4896	4896	4896	4896	4896	4896	4896	4896	4896	4896	4896	4896	4896	4896	4896	4896	4896	4896	4896	4896	4896	4896	4896
"25"	4896	4896	4896	4896	4896	4896	4896	4896	4896	4896	4896	4896	4896	4896	4896	4896	4896	4896	4896	4896	4896	4896	4896	4896	4896	4896	4896	4896	9942	4896	4896	4896	4896	4896	4896	4896	4896	4896	4896	4896	4896	4896	4896	4896	4896	4896	4896	4896	4896	4896	9886	4896	4896	4896	4896	4896	4896	4896	4896	4896	4896	4896	4896	4896	4896	4896	4896	4896	4896	4896	4896	4896	4896	4896	4896	4896	4896	4896	4896	4896	4896	4896	4896	4896	4896	4896	4896	9924	4896	4896	4896	4896	4896	4896	4896	4896	4896	4896	4896	4896
"26"	4896	4896	4896	4896	4896	4896	4896	4896	4896	4896	4896	4896	4896	4896	4896	4896	4896	4896	4896	4896	9850	4896	4896	4896	4896	4896	4896	4896	4896	4896	4896	4896	4896	9913	4896	4896	4896	4896	4896	4896	4896	4896	4896	4896	4896	4896	4896	4896	4896	4896	4896	4896	4896	4896	4896	4896	4896	4896	4896	4896	4896	4896	4896	4896	4896	4896	4896	4896	4896	4896	4896	4896	4896	4896	4896	4896	4896	4896	4896	4896	4896	4896	4896	4896	4896	4896	4896	4896	4896	4896	4896	4896	4896	4896	4896	4896	4896	4896	4896	4896
"27"	4896	4896	4896	4896	4896	4896	4896	4896	4896	4896	4896	4896	4896	4896	4896	4896	4896	4896	4896	4896	4896	4896	4896	4896	4896	9968	4896	4896	4896	4896	4896	4896	4896	4896	4896	4896	4896	4896	4896	4896	4896	4896	4896	4896	4896	4896	4896	4896	4896	4896	4896	4896	4896	4896	4896	4896	4896	4896	4896	4896	4896	4896	4896	4896	4896	4896	4896	4896	4896	4896	4896	4896	4896	4896	4896	4896	4896	4896	4896	4896	4896	4896	4896	4896	4896	4896	4896	4896	4896	4896	4896	4896	4896	4896	4896	4896	4896	4896	4896	4896
"28"	4896	4896	4896	4896	4896	4896	4896	4896	4896	4896	4896	4896	4896	4896	4896	4896	4896	4896	4896	4896	4896	4896	4896	4896	4896	9797	4896	4896	4896	4896	4896	4896	4896	4896	4896	4896	4896	4896	4896	4896	4896	4896	4896	4896	4896	4896	4896	4896	4896	4896	4896	4896	4896	4896	4896	4896	4896	4896	4896	4896	4896	4896	4896	4896	4896	4896	4896	4896	4896	4896	4896	4896	4896	4896	4896	4896	4896	4896	4896	4896	4896	4896	4896	4896	4896	4896	4896	4896	4896	9883	4896	4896	4896	9877	9856	4896	4896	4896	4896	4896
"29"	4896	4896	4896	4896	4896	4896	4896	4896	4896	4896	4896	4896	4896	4896	4896	4896	4896	4896	4896	4896	4896	4896	4896	4896	4896	4896	4896	4896	4896	4896	4896	4896	4896	4896	4896	4896	10000	4896	4896	4896	4896	4896	4896	4896	4896	4896	4896	4896	4896	4896	4896	4896	4896	4896	4896	4896	4896	4896	4896	4896	4896	4896	4896	4896	4896	4896	4896	4896	4896	4896	4896	4896	4896	4896	4896	4896	4896	4896	4896	4896	4896	4896	4896	4896	4896	4896	4896	4896	4896	4896	4896	4896	4896	4896	4896	4896	4896	4896	4896	4896
"30"	4896	4896	4896	4896	4896	4896	4896	4896	4896	4896	4896	4896	4896	4896	4896	4896	4896	4896	4896	4896	9798	4896	4896	4896	4896	9950	4896	4896	4896	4896	4896	4896	4896	4896	4896	4896	4896	4896	4896	4896	4896	4896	4896	4896	4896	4896	4896	4896	4896	4896	4896	4896	4896	4896	4896	4896	4896	4896	4896	4896	4896	4896	4896	4896	4896	4896	4896	4896	4896	4896	4896	4896	4896	4896	4896	4896	4896	4896	4896	4896	4896	4896	4896	4896	4896	4896	4896	4896	4896	4896	4896	4896	4896	4896	4896	4896	4896	4896	4896	4896
"31"	4896	4896	4896	4896	4896	4896	4896	4896	4896	4896	4896	4896	4896	4896	4896	4896	4896	4896	4896	4896	4896	4896	4896	4896	4896	9813	4896	4896	4896	4896	4896	4896	4896	4896	4896	4896	4896	4896	4896	4896	4896	4896	4896	9810	4896	4896	4896	4896	4896	4896	9848	4896	4896	4896	4896	4896	4896	4896	4896	4896	4896	4896	4896	4896	4896	4896	4896	4896	4896	4896	4896	4896	4896	4896	4896	4896	4896	4896	4896	4896	4896	4896	4896	4896	4896	4896	4896	4896	4896	4896	4896	4896	4896	4896	4896	4896	4896	4896	4896	4896
"32"	4896	4896	4896	4896	4896	4896	4896	4896	4896	4896	4896	4896	4896	4896	4896	4896	4896	4896	4896	4896	4896	4896	4896	4896	4896	4896	4896	4896	4896	4896	4896	4896	9833	9862	4896	4896	4896	4896	4896	4896	4896	4896	4896	4896	4896	4896	4896	4896	4896	4896	4896	4896	4896	4896	4896	4896	4896	4896	4896	4896	4896	4896	4896	4896	4896	4896	4896	4896	4896	4896	4896	4896	4896	4896	4896	4896	4896	4896	4896	4896	4896	4896	4896	4896	4896	4896	4896	4896	4896	4896	4896	4896	4896	4896	4896	4896	4896	4896	4896	4896
"33"	4896	4896	4896	4896	4896	4896	4896	4896	4896	4896	4896	4896	4896	4896	4896	4896	4896	4896	4896	4896	4896	4896	4896	4896	4896	4896	4896	4896	4896	4896	4896	9842	4896	9865	4896	4896	4896	4896	4896	4896	4896	4896	4896	4896	4896	4896	4896	4896	4896	4896	4896	4896	4896	4896	4896	4896	4896	4896	4896	4896	4896	4896	4896	4896	4896	4896	4896	4896	4896	4896	4896	4896	4896	4896	4896	4896	4896	4896	4896	4896	4896	4896	4896	4896	4896	4896	4896	4896	4896	4896	4896	4896	4896	4896	4896	4896	4896	4896	4896	4896
"34"	4896	4896	4896	4896	4896	4896	4896	4896	4896	4896	4896	4896	4896	4896	4896	4896	4896	4896	4896	4896	4896	4896	4896	4896	4896	9969	4896	4896	4896	9863	4896	9855	4896	4896	4896	4896	4896	4896	4896	4896	4896	4896	4896	4896	4896	4896	4896	4896	4896	4896	4896	4896	4896	4896	4896	4896	4896	4896	4896	4896	4896	4896	4896	4896	4896	4896	4896	4896	4896	4896	4896	4896	4896	4896	4896	4896	4896	4896	4896	4896	4896	4896	4896	4896	4896	4896	4896	4896	4896	4896	4896	4896	4896	4896	4896	4896	4896	4896	4896	4896
"35"	4896	4896	4896	4896	4896	4896	4896	4896	4896	4896	4896	4896	4896	4896	4896	4896	4896	4896	4896	4896	4896	4896	4896	4896	4896	4896	4896	4896	4896	4896	4896	4896	4896	9901	4896	4896	4896	4896	4896	4896	4896	4896	4896	4896	4896	4896	4896	4896	4896	4896	4896	4896	4896	4896	4896	4896	4896	4896	4896	4896	4896	4896	4896	4896	4896	4896	4896	4896	4896	4896	4896	4896	4896	4896	4896	4896	4896	4896	4896	4896	4896	4896	4896	4896	4896	4896	4896	4896	4896	4896	4896	4896	4896	4896	4896	4896	4896	4896	4896	4896
"36"	4896	4896	4896	4896	9866	4896	4896	4896	4896	4896	4896	4896	4896	4896	4896	9963	4896	4896	4896	4896	4896	4896	4896	4896	4896	4896	4896	4896	4896	4896	4896	4896	4896	4896	4896	4896	4896	4896	4896	4896	4896	4896	4896	4896	4896	9880	4896	4896	4896	4896	4896	4896	4896	4896	4896	4896	4896	4896	4896	4896	4896	4896	4896	4896	4896	4896	4896	4896	4896	4896	4896	4896	4896	4896	4896	4896	4896	4896	4896	4896	4896	4896	4896	4896	4896	4896	4896	4896	4896	4896	4896	4896	4896	4896	4896	4896	4896	4896	4896	4896
"37"	4896	4896	4896	4896	4896	4896	4896	4896	4896	9898	4896	4896	4896	4896	4896	4896	4896	4896	4896	4896	4896	4896	4896	4896	4896	4896	4896	4896	4896	4896	4896	4896	4896	4896	4896	9961	4896	4896	4896	4896	4896	4896	4896	4896	4896	9975	4896	4896	4896	4896	4896	4896	4896	4896	4896	4896	4896	4896	4896	4896	4896	4896	4896	4896	4896	4896	4896	4896	4896	4896	4896	4896	4896	4896	9825	4896	4896	4896	4896	4896	4896	4896	4896	4896	4896	4896	4896	4896	4896	4896	4896	4896	4896	4896	4896	4896	4896	4896	4896	4896
"38"	4896	4896	4896	4896	4896	4896	4896	4896	4896	4896	4896	4896	9892	4896	4896	4896	4896	4896	4896	4896	4896	4896	4896	4896	4896	4896	4896	4896	4896	4896	4896	4896	4896	4896	4896	4896	4896	4896	4896	4896	4896	4896	4896	4896	4896	4896	4896	4896	4896	4896	4896	4896	4896	4896	4896	4896	4896	4896	4896	4896	4896	4896	4896	4896	4896	4896	4896	4896	4896	4896	4896	4896	4896	4896	4896	4896	4896	4896	4896	4896	4896	4896	4896	4896	9951	4896	4896	4896	4896	4896	4896	4896	4896	4896	4896	4896	4896	4896	4896	4896
"39"	4896	4896	4896	4896	4896	4896	4896	4896	4896	4896	4896	4896	4896	4896	4896	4896	4896	4896	4896	4896	4896	4896	4896	4896	4896	4896	4896	4896	4896	4896	4896	4896	4896	4896	4896	4896	4896	4896	4896	4896	4896	4896	4896	4896	4896	4896	4896	4896	4896	4896	4896	4896	4896	4896	4896	4896	4896	4896	4896	4896	4896	4896	4896	4896	4896	4896	4896	4896	4896	4896	4896	4896	4896	4896	4896	4896	4896	4896	4896	4896	4896	4896	4896	4896	9870	4896	4896	4896	4896	9936	4896	4896	4896	4896	4896	4896	4896	4896	4896	4896
"40"	4896	4896	4896	4896	4896	4896	4896	4896	4896	4896	4896	4896	4896	4896	4896	4896	4896	4896	4896	4896	4896	4896	4896	4896	4896	4896	4896	4896	4896	4896	4896	4896	4896	4896	4896	4896	4896	4896	4896	4896	4896	4896	4896	4896	4896	4896	4896	4896	4896	4896	4896	4896	4896	4896	4896	4896	4896	4896	4896	4896	4896	4896	4896	4896	4896	4896	4896	4896	4896	4896	4896	4896	4896	4896	4896	4896	4896	4896	4896	4896	4896	4896	4896	4896	4896	4896	4896	4896	4896	4896	4896	4896	4896	4896	4896	4896	4896	4896	4896	4896
"41"	4896	4896	4896	4896	4896	4896	4896	4896	4896	4896	4896	4896	4896	4896	4896	4896	4896	4896	4896	4896	4896	4896	4896	4896	4896	4896	4896	4896	4896	4896	4896	4896	4896	4896	4896	4896	4896	4896	4896	4896	4896	4896	4896	4896	4896	9953	4896	4896	4896	4896	4896	4896	4896	4896	4896	4896	4896	4896	4896	4896	4896	4896	4896	4896	4896	9890	4896	4896	4896	4896	4896	4896	4896	4896	4896	4896	4896	4896	4896	4896	4896	4896	4896	4896	4896	4896	4896	4896	4896	4896	4896	4896	4896	4896	4896	4896	4896	4896	4896	4896
"42"	4896	4896	4896	4896	4896	4896	4896	4896	4896	4896	4896	4896	4896	4896	4896	4896	4896	4896	4896	4896	4896	4896	4896	4896	4896	4896	4896	4896	4896	4896	4896	4896	4896	4896	4896	9839	4896	4896	4896	4896	4896	4896	4896	4896	4896	4896	4896	4896	4896	4896	4896	4896	4896	4896	4896	4896	4896	4896	4896	4896	4896	4896	4896	4896	4896	4896	4896	4896	4896	4896	4896	4896	4896	4896	4896	4896	4896	4896	4896	4896	4896	4896	4896	4896	4896	4896	4896	9911	4896	4896	4896	4896	4896	4896	4896	4896	4896	4896	4896	4896
"43"	4896	4896	4896	4896	4896	4896	4896	4896	9835	9840	4896	4896	4896	4896	4896	4896	4896	4896	4896	4896	4896	4896	4896	4896	4896	4896	4896	4896	4896	4896	4896	4896	4896	4896	4896	4896	4896	4896	4896	4896	4896	4896	4896	9846	4896	4896	4896	4896	4896	4896	4896	4896	4896	4896	4896	4896	4896	4896	4896	4896	4896	4896	4896	4896	4896	4896	4896	4896	4896	4896	4896	4896	4896	4896	4896	4896	4896	4896	4896	4896	4896	4896	4896	4896	4896	4896	4896	4896	4896	4896	4896	4896	4896	4896	4896	4896	4896	4896	4896	4896
"44"	4896	4896	4896	4896	4896	4896	4896	4896	4896	9979	4896	4896	4896	4896	4896	4896	4896	4896	4896	4896	4896	4896	4896	4896	4896	4896	4896	4896	4896	4896	4896	4896	4896	4896	4896	4896	4896	4896	4896	4896	4896	4896	4896	4896	9827	4896	4896	4896	4896	4896	4896	4896	4896	4896	4896	4896	4896	4896	4896	4896	4896	9829	4896	4896	4896	4896	4896	4896	4896	4896	4896	4896	4896	4896	4896	4896	4896	4896	4896	4896	4896	4896	4896	4896	4896	4896	4896	4896	4896	4896	4896	4896	4896	4896	4896	4896	4896	4896	4896	4896
"45"	4896	4896	4896	4896	4896	4896	4896	4896	4896	9792	4896	4896	4896	4896	4896	4896	4896	4896	4896	4896	4896	4896	4896	4896	4896	4896	4896	4896	4896	4896	4896	4896	4896	4896	4896	4896	4896	4896	4896	4896	4896	4896	9905	4896	4896	4896	4896	4896	4896	4896	4896	4896	4896	4896	4896	4896	4896	4896	4896	4896	4896	4896	4896	4896	4896	4896	4896	4896	4896	4896	4896	4896	4896	4896	4896	4896	4896	4896	4896	4896	4896	4896	4896	4896	4896	4896	4896	4896	4896	4896	4896	4896	4896	4896	4896	4896	4896	4896	4896	4896
"46"	4896	4896	4896	4896	4896	4896	4896	4896	4896	4896	4896	4896	4896	4896	4896	4896	4896	4896	4896	4896	4896	9958	4896	4896	4896	4896	4896	4896	4896	4896	4896	4896	4896	4896	4896	4896	4896	4896	4896	4896	9841	4896	4896	4896	4896	4896	4896	4896	4896	4896	4896	4896	4896	4896	4896	4896	4896	4896	4896	4896	4896	4896	4896	4896	4896	4896	4896	4896	4896	4896	4896	4896	4896	4896	4896	4896	4896	4896	4896	4896	4896	4896	4896	4896	4896	4896	4896	4896	4896	4896	4896	4896	4896	4896	4896	4896	4896	4896	4896	4896
"47"	4896	4896	4896	4896	4896	4896	4896	4896	4896	4896	4896	4896	4896	4896	4896	4896	4896	4896	4896	4896	4896	4896	4896	4896	4896	4896	4896	4896	4896	4896	4896	4896	4896	4896	4896	4896	4896	4896	4896	4896	4896	4896	4896	4896	4896	9996	4896	4896	4896	4896	4896	4896	4896	4896	4896	4896	4896	4896	4896	4896	4896	4896	4896	4896	4896	4896	4896	4896	4896	4896	4896	4896	4896	4896	4896	4896	4896	4896	4896	4896	4896	4896	4896	4896	4896	4896	4896	4896	4896	4896	4896	4896	4896	4896	4896	4896	4896	4896	4896	4896
"48"	4896	4896	4896	4896	4896	4896	4896	4896	4896	4896	4896	4896	4896	4896	4896	4896	4896	4896	4896	4896	4896	4896	4896	4896	4896	4896	4896	4896	4896	4896	4896	4896	4896	4896	4896	4896	9991	4896	4896	4896	4896	4896	4896	4896	4896	4896	4896	4896	4896	4896	4896	4896	4896	4896	4896	4896	4896	4896	4896	4896	4896	4896	4896	4896	4896	4896	4896	4896	4896	4896	4896	4896	4896	4896	4896	4896	4896	4896	4896	4896	4896	4896	4896	4896	4896	4896	4896	4896	4896	4896	4896	4896	4896	4896	4896	4896	4896	4896	4896	4896
"49"	4896	4896	4896	4896	4896	4896	4896	4896	4896	4896	4896	4896	4896	4896	4896	4896	4896	4896	4896	4896	4896	4896	4896	4896	4896	4896	4896	4896	4896	4896	4896	4896	4896	4896	4896	4896	4896	4896	4896	4896	4896	4896	4896	4896	4896	9982	4896	4896	4896	4896	4896	4896	4896	4896	4896	4896	4896	4896	4896	4896	4896	4896	4896	4896	4896	4896	4896	4896	4896	4896	4896	4896	4896	4896	4896	4896	4896	4896	4896	4896	4896	4896	9920	4896	4896	4896	4896	4896	4896	4896	4896	4896	4896	4896	4896	4896	4896	4896	4896	4896
"50"	4896	4896	4896	4896	4896	4896	4896	4896	4896	4896	4896	4896	4896	4896	4896	4896	4896	4896	4896	4896	4896	4896	4896	4896	4896	4896	4896	4896	4896	4896	4896	4896	4896	4896	4896	4896	4896	4896	4896	4896	4896	4896	4896	4896	4896	9926	4896	4896	4896	4896	4896	4896	4896	4896	4896	4896	4896	4896	4896	4896	4896	9802	4896	4896	4896	4896	4896	4896	4896	4896	9819	4896	4896	4896	4896	4896	4896	4896	4896	4896	4896	4896	4896	4896	4896	4896	4896	9971	4896	4896	4896	4896	4896	4896	4896	4896	4896	4896	4896	4896
"51"	4896	4896	4896	4896	4896	4896	4896	4896	4896	4896	4896	4896	4896	4896	4896	4896	4896	4896	4896	4896	4896	4896	4896	4896	4896	4896	4896	4896	4896	4896	4896	4896	4896	4896	4896	4896	4896	4896	4896	4896	4896	4896	4896	4896	4896	9914	4896	4896	4896	4896	4896	4896	4896	4896	4896	4896	9794	4896	4896	4896	4896	4896	9808	4896	4896	4896	4896	4896	4896	4896	4896	4896	4896	4896	4896	4896	4896	4896	4896	4896	4896	4896	4896	4896	4896	4896	4896	4896	4896	4896	4896	4896	4896	4896	4896	4896	4896	4896	4896	4896
"52"	4896	4896	4896	4896	4896	4896	4896	4896	4896	4896	4896	4896	4896	4896	4896	4896	4896	4896	4896	4896	4896	9988	4896	4896	4896	4896	4896	4896	4896	4896	4896	4896	4896	4896	4896	4896	4896	4896	4896	4896	4896	4896	4896	4896	4896	4896	4896	4896	4896	4896	4896	4896	4896	4896	4896	4896	4896	4896	4896	4896	4896	4896	4896	4896	4896	4896	4896	4896	4896	4896	4896	4896	4896	4896	4896	4896	4896	4896	4896	4896	4896	4896	4896	4896	4896	4896	4896	4896	4896	4896	4896	4896	4896	4896	4896	4896	4896	4896	4896	4896
"53"	4896	4896	4896	4896	4896	4896	4896	4896	4896	4896	4896	4896	4896	4896	4896	4896	4896	4896	4896	4896	4896	4896	4896	4896	4896	4896	4896	4896	4896	4896	4896	4896	4896	4896	4896	4896	4896	4896	4896	4896	4896	4896	4896	4896	4896	9923	4896	4896	4896	4896	4896	4896	4896	4896	4896	4896	9882	4896	4896	4896	4896	4896	4896	4896	4896	4896	4896	4896	4896	4896	4896	4896	4896	4896	4896	4896	4896	4896	4896	4896	4896	4896	4896	4896	4896	4896	4896	4896	4896	4896	4896	4896	4896	4896	4896	4896	4896	4896	4896	4896
"54"	4896	4896	4896	4896	4896	4896	4896	4896	4896	4896	4896	4896	4896	4896	4896	4896	4896	4896	4896	4896	4896	4896	4896	4896	4896	4896	4896	4896	4896	4896	4896	4896	4896	4896	4896	4896	4896	4896	4896	4896	4896	4896	4896	4896	4896	9805	4896	4896	4896	4896	4896	4896	4896	4896	9843	4896	4896	4896	4896	4896	4896	4896	4896	4896	4896	4896	4896	4896	4896	4896	4896	4896	4896	4896	4896	4896	4896	4896	4896	4896	4896	4896	4896	4896	4896	4896	4896	4896	4896	4896	4896	4896	4896	4896	4896	4896	4896	4896	9868	4896
"55"	4896	4896	4896	4896	4896	4896	4896	4896	4896	4896	4896	4896	4896	4896	4896	4896	4896	4896	4896	4896	4896	4896	4896	4896	4896	4896	4896	4896	4896	4896	4896	4896	4896	4896	4896	4896	4896	4896	4896	4896	4896	4896	4896	4896	4896	4896	4896	4896	4896	4896	4896	4896	4896	4896	4896	4896	4896	4896	4896	4896	4896	4896	4896	4896	4896	4896	4896	4896	4896	4896	4896	4896	4896	4896	4896	4896	4896	4896	4896	4896	4896	9804	4896	4896	4896	4896	4896	4896	4896	4896	4896	4896	4896	4896	4896	4896	4896	4896	9801	4896
"56"	4896	4896	4896	4896	4896	4896	4896	4896	4896	4896	4896	4896	4896	9837	4896	4896	4896	4896	4896	4896	4896	4896	4896	4896	4896	4896	4896	4896	4896	4896	4896	4896	4896	4896	4896	4896	4896	4896	4896	4896	4896	4896	4896	4896	4896	9934	4896	4896	4896	4896	4896	4896	4896	4896	4896	4896	4896	4896	4896	4896	4896	4896	4896	4896	4896	4896	4896	4896	4896	4896	4896	4896	4896	4896	4896	4896	4896	4896	4896	4896	4896	4896	4896	4896	4896	4896	4896	4896	4896	4896	4896	4896	4896	4896	4896	4896	4896	4896	4896	4896
"57"	4896	4896	4896	4896	4896	4896	4896	4896	4896	4896	4896	4896	4896	4896	4896	4896	4896	4896	4896	4896	4896	4896	4896	4896	4896	4896	4896	4896	4896	4896	4896	4896	4896	4896	4896	4896	4896	4896	4896	4896	4896	4896	4896	4896	4896	9995	4896	4896	4896	4896	9793	4896	4896	4896	4896	4896	4896	4896	4896	4896	4896	4896	4896	4896	4896	4896	4896	4896	4896	4896	4896	4896	4896	4896	4896	4896	4896	4896	4896	4896	4896	4896	4896	4896	4896	4896	4896	4896	4896	4896	4896	4896	4896	4896	4896	4896	4896	4896	4896	4896
"58"	4896	4896	4896	4896	4896	4896	4896	4896	4896	4896	4896	4896	4896	4896	4896	4896	4896	4896	4896	4896	4896	4896	4896	4896	4896	4896	4896	4896	4896	4896	4896	4896	4896	4896	4896	4896	4896	4896	4896	4896	4896	4896	4896	4896	4896	9927	4896	4896	9915	4896	4896	4896	4896	4896	4896	4896	4896	4896	4896	4896	4896	4896	4896	4896	4896	4896	4896	4896	4896	4896	4896	4896	4896	4896	4896	4896	4896	4896	4896	4896	4896	4896	4896	4896	4896	4896	4896	4896	4896	4896	4896	4896	4896	4896	4896	4896	4896	4896	4896	4896
"59"	4896	4896	4896	4896	4896	4896	4896	4896	4896	4896	4896	4896	4896	4896	4896	4896	4896	4896	4896	4896	4896	4896	4896	4896	4896	4896	4896	4896	4896	4896	4896	4896	4896	4896	4896	4896	4896	4896	4896	4896	4896	4896	4896	4896	4896	4896	4896	4896	4896	4896	4896	4896	4896	4896	4896	4896	4896	4896	4896	4896	4896	4896	9986	4896	4896	4896	4896	4896	4896	4896	4896	4896	4896	4896	4896	4896	4896	4896	4896	4896	4896	4896	4896	4896	4896	4896	4896	4896	4896	4896	4896	4896	4896	4896	4896	4896	4896	4896	4896	4896
"60"	4896	4896	4896	4896	4896	4896	4896	4896	4896	4896	4896	4896	4896	4896	4896	9878	4896	4896	4896	4896	9960	4896	4896	4896	4896	4896	4896	4896	4896	4896	4896	4896	4896	4896	4896	4896	4896	4896	4896	4896	4896	4896	4896	4896	4896	4896	4896	4896	4896	4896	4896	4896	4896	4896	4896	4896	4896	4896	9853	4896	9857	4896	4896	4896	4896	4896	4896	4896	4896	4896	4896	4896	4896	4896	4896	4896	4896	4896	4896	4896	4896	4896	4896	4896	4896	4896	4896	4896	4896	4896	4896	4896	4896	4896	4896	4896	4896	4896	4896	4896
"61"	4896	4896	4896	4896	4896	4896	4896	4896	4896	4896	4896	4896	4896	4896	4896	4896	4896	4896	4896	4896	4896	4896	4896	4896	4896	4896	4896	4896	4896	4896	4896	4896	4896	4896	4896	4896	9962	4896	4896	4896	4896	4896	4896	4896	4896	4896	4896	4896	4896	4896	4896	4896	4896	4896	4896	4896	4896	4896	4896	4896	4896	4896	9859	4896	4896	4896	4896	4896	4896	4896	4896	4896	4896	4896	4896	4896	4896	4896	4896	4896	4896	4896	4896	4896	4896	4896	4896	4896	4896	4896	4896	4896	4896	4896	4896	4896	4896	4896	4896	4896
"62"	4896	4896	4896	4896	4896	4896	4896	4896	4896	4896	4896	4896	4896	4896	4896	4896	4896	4896	4896	4896	4896	4896	4896	4896	4896	4896	4896	4896	9973	4896	4896	4896	4896	4896	4896	4896	4896	4896	4896	4896	4896	4896	4896	9929	4896	4896	4896	4896	4896	4896	4896	4896	4896	4896	4896	4896	4896	4896	4896	4896	4896	4896	4896	4896	4896	4896	4896	4896	4896	4896	4896	4896	4896	4896	4896	4896	4896	4896	4896	4896	4896	4896	4896	4896	4896	4896	4896	4896	4896	4896	4896	4896	4896	4896	4896	4896	4896	4896	4896	4896
"63"	4896	4896	4896	4896	4896	4896	4896	4896	4896	4896	4896	4896	4896	4896	4896	4896	4896	4896	4896	4896	4896	4896	4896	4896	4896	4896	4896	4896	4896	4896	4896	4896	4896	4896	4896	4896	4896	4896	4896	4896	4896	4896	4896	9916	4896	4896	4896	4896	4896	4896	4896	4896	4896	4896	4896	4896	4896	4896	4896	4896	4896	4896	4896	4896	4896	4896	4896	4896	4896	4896	4896	4896	4896	4896	4896	4896	4896	4896	9930	4896	4896	4896	4896	4896	4896	4896	4896	4896	4896	4896	4896	4896	4896	4896	4896	4896	4896	4896	4896	4896
"64"	4896	4896	4896	4896	4896	4896	4896	4896	4896	4896	4896	4896	4896	4896	4896	4896	4896	4896	4896	4896	4896	4896	4896	4896	4896	4896	4896	4896	4896	4896	4896	4896	4896	4896	4896	4896	4896	4896	4896	4896	4896	4896	4896	9907	4896	4896	4896	4896	4896	4896	4896	4896	4896	4896	4896	4896	4896	4896	4896	4896	4896	4896	4896	4896	4896	4896	4896	4896	4896	4896	4896	4896	4896	4896	4896	4896	4896	4896	4896	4896	4896	4896	4896	4896	4896	4896	4896	4896	4896	4896	4896	4896	4896	9873	4896	4896	4896	4896	4896	4896
"65"	4896	4896	4896	4896	4896	4896	4896	4896	4896	4896	4896	4896	4896	4896	4896	4896	4896	4896	4896	4896	4896	4896	4896	4896	4896	4896	4896	4896	4896	4896	4896	4896	4896	4896	4896	4896	4896	4896	4896	4896	4896	9876	4896	4896	4896	4896	4896	4896	4896	4896	4896	4896	4896	4896	4896	4896	4896	4896	4896	9817	4896	4896	4896	4896	4896	9885	4896	4896	4896	4896	4896	4896	4896	4896	4896	4896	4896	4896	4896	4896	4896	4896	4896	4896	4896	4896	4896	4896	4896	4896	4896	4896	4896	4896	4896	4896	4896	4896	4896	4896
"66"	4896	4896	4896	4896	4896	4896	4896	4896	4896	4896	4896	4896	4896	4896	4896	4896	4896	4896	4896	4896	4896	4896	4896	4896	4896	4896	4896	4896	4896	4896	4896	4896	4896	4896	4896	4896	4896	4896	4896	4896	9931	4896	4896	4896	4896	4896	4896	4896	4896	4896	4896	4896	4896	4896	4896	4896	4896	4896	4896	4896	4896	4896	4896	4896	9847	4896	4896	4896	4896	4896	4896	4896	4896	4896	4896	4896	4896	4896	4896	4896	4896	4896	4896	4896	4896	4896	4896	4896	4896	4896	4896	4896	4896	4896	4896	4896	4896	4896	4896	4896
"67"	4896	4896	4896	4896	4896	4896	4896	4896	4896	4896	4896	4896	4896	4896	4896	4896	4896	4896	4896	4896	4896	4896	4896	4896	4896	4896	4896	4896	4896	4896	4896	4896	4896	4896	4896	4896	4896	4896	4896	4896	4896	4896	4896	4896	4896	4896	4896	4896	4896	4896	4896	4896	4896	4896	4896	4896	4896	4896	4896	4896	4896	4896	4896	4896	4896	4896	4896	4896	9826	4896	4896	9809	4896	4896	4896	4896	4896	4896	4896	4896	4896	4896	4896	4896	4896	4896	4896	4896	4896	4896	4896	4896	4896	4896	4896	4896	4896	4896	4896	4896
"68"	4896	4896	4896	4896	4896	4896	4896	4896	4896	4896	4896	4896	4896	4896	4896	4896	4896	4896	4896	4896	4896	4896	4896	4896	4896	4896	4896	4896	4896	4896	4896	4896	4896	4896	4896	4896	4896	4896	4896	4896	4896	4896	4896	4896	4896	4896	4896	4896	4896	4896	4896	4896	4896	4896	4896	4896	4896	4896	4896	4896	4896	4896	4896	4896	4896	4896	4896	4896	9946	4896	4896	4896	4896	4896	4896	4896	4896	4896	4896	4896	4896	4896	4896	4896	4896	4896	4896	4896	4896	4896	4896	4896	4896	4896	4896	4896	4896	4896	4896	4896
"69"	4896	4896	4896	4896	4896	4896	4896	4896	4896	4896	4896	4896	4896	4896	4896	4896	4896	4896	4896	4896	4896	4896	4896	4896	4896	4896	4896	4896	4896	4896	4896	4896	4896	4896	4896	4896	9993	4896	4896	4896	4896	4896	4896	4896	4896	4896	4896	4896	4896	4896	4896	4896	4896	4896	4896	4896	4896	4896	4896	4896	4896	4896	4896	4896	4896	4896	4896	4896	4896	4896	4896	4896	4896	4896	4896	4896	4896	4896	4896	4896	4896	4896	4896	4896	4896	4896	4896	4896	4896	4896	4896	4896	4896	4896	4896	4896	4896	4896	4896	4896
"70"	4896	4896	4896	4896	4896	4896	4896	4896	4896	4896	4896	4896	4896	4896	4896	4896	4896	4896	4896	4896	4896	4896	4896	4896	4896	4896	4896	4896	4896	4896	4896	4896	4896	4896	4896	4896	4896	4896	4896	4896	4896	4896	4896	4896	4896	4896	4896	4896	4896	4896	4896	4896	4896	4896	4896	4896	4896	4896	4896	4896	4896	4896	4896	4896	4896	4896	4896	4896	4896	4896	4896	4896	9967	4896	4896	4896	4896	4896	4896	4896	4896	4896	4896	4896	4896	4896	4896	4896	4896	9806	4896	4896	4896	4896	4896	4896	4896	4896	4896	4896
"71"	4896	4896	4896	4896	4896	4896	4896	4896	4896	4896	4896	4896	4896	4896	4896	4896	4896	4896	4896	4896	4896	4896	4896	4896	4896	4896	4896	4896	4896	4896	4896	4896	4896	4896	4896	4896	4896	4896	4896	4896	4896	4896	4896	4896	4896	4896	9822	4896	4896	4896	4896	4896	4896	4896	4896	4896	4896	4896	4896	4896	4896	4896	4896	4896	4896	4896	4896	4896	4896	4896	4896	9897	4896	4896	4896	4896	4896	4896	4896	4896	4896	4896	4896	4896	4896	4896	4896	4896	4896	4896	4896	4896	4896	4896	4896	4896	4896	4896	4896	4896
"72"	4896	4896	4896	4896	4896	4896	4896	4896	4896	4896	4896	4896	4896	4896	4896	4896	4896	4896	4896	4896	4896	4896	4896	4896	4896	4896	4896	4896	4896	4896	4896	4896	4896	4896	4896	4896	9998	4896	4896	4896	4896	4896	4896	4896	4896	4896	4896	4896	4896	4896	4896	4896	4896	4896	4896	4896	4896	4896	4896	4896	4896	4896	4896	4896	4896	4896	4896	4896	4896	4896	4896	4896	4896	4896	4896	4896	4896	4896	4896	4896	4896	4896	4896	4896	4896	4896	4896	4896	4896	4896	4896	4896	4896	4896	4896	4896	4896	4896	4896	4896
"73"	4896	4896	4896	4896	4896	4896	4896	4896	4896	4896	4896	4896	4896	4896	4896	4896	4896	4896	4896	4896	4896	4896	4896	4896	4896	4896	4896	4896	4896	4896	4896	4896	4896	4896	4896	4896	9989	4896	4896	4896	4896	4896	4896	4896	4896	4896	4896	4896	4896	4896	4896	4896	4896	4896	4896	4896	4896	4896	4896	4896	4896	4896	4896	4896	4896	4896	4896	4896	4896	4896	4896	4896	4896	4896	4896	4896	4896	4896	4896	4896	4896	4896	4896	4896	4896	4896	4896	4896	4896	4896	4896	4896	4896	4896	4896	4896	4896	4896	4896	4896
"74"	4896	4896	4896	4896	4896	4896	4896	4896	4896	4896	4896	4896	4896	4896	4896	4896	4896	4896	4896	4896	4896	4896	4896	4896	4896	4896	4896	4896	4896	4896	4896	4896	4896	4896	4896	4896	9999	4896	4896	4896	4896	4896	4896	4896	4896	4896	4896	4896	4896	4896	4896	4896	4896	4896	4896	4896	4896	4896	4896	4896	4896	4896	4896	4896	4896	4896	4896	4896	4896	4896	4896	4896	4896	4896	4896	4896	4896	4896	4896	4896	4896	4896	4896	4896	4896	4896	4896	4896	4896	4896	4896	4896	4896	4896	4896	4896	4896	4896	4896	4896
"75"	4896	4896	4896	4896	4896	4896	4896	4896	4896	4896	4896	4896	4896	4896	4896	4896	4896	4896	4896	4896	4896	4896	4896	4896	4896	4896	4896	4896	4896	4896	4896	4896	4896	4896	4896	4896	9940	4896	4896	4896	4896	4896	4896	4896	4896	4896	4896	4896	4896	4896	4896	4896	4896	4896	4896	4896	4896	4896	4896	4896	4896	4896	9959	4896	4896	4896	4896	4896	4896	4896	4896	4896	4896	4896	4896	4896	4896	4896	4896	4896	4896	4896	4896	4896	4896	4896	4896	4896	4896	4896	4896	4896	4896	4896	4896	4896	4896	4896	4896	4896
"76"	4896	4896	4896	4896	4896	4896	4896	4896	4896	4896	4896	4896	4896	4896	4896	4896	4896	4896	4896	4896	4896	4896	4896	4896	4896	4896	4896	4896	4896	4896	4896	4896	4896	4896	4896	4896	4896	4896	4896	4896	4896	4896	4896	4896	4896	4896	4896	4896	4896	4896	4896	4896	4896	4896	4896	4896	4896	4896	4896	4896	4896	4896	4896	4896	4896	4896	4896	4896	4896	4896	9812	9977	4896	4896	4896	4896	4896	4896	4896	4896	4896	4896	4896	4896	4896	4896	4896	4896	4896	4896	4896	4896	4896	4896	4896	4896	4896	4896	4896	4896
"77"	4896	4896	4896	4896	4896	4896	4896	4896	4896	4896	4896	4896	4896	4896	4896	4896	4896	4896	4896	4896	4896	4896	4896	4896	4896	4896	4896	4896	4896	4896	4896	4896	4896	4896	4896	4896	4896	4896	4896	4896	4896	4896	4896	4896	4896	4896	4896	4896	4896	4896	4896	4896	4896	4896	4896	4896	4896	4896	4896	4896	4896	4896	4896	4896	4896	4896	4896	4896	4896	4896	4896	9980	4896	4896	4896	9917	4896	4896	4896	4896	4896	4896	4896	4896	4896	4896	4896	4896	4896	4896	4896	4896	4896	4896	4896	4896	4896	4896	4896	4896
"78"	4896	4896	4896	4896	4896	4896	4896	4896	4896	4896	4896	4896	4896	4896	4896	4896	4896	4896	9861	4896	4896	4896	4896	4896	4896	4896	4896	4896	4896	4896	4896	4896	4896	4896	4896	4896	4896	4896	4896	4896	4896	4896	4896	4896	4896	4896	4896	4896	4896	4896	4896	4896	4896	4896	4896	4896	4896	4896	4896	4896	4896	4896	4896	4896	4896	4896	4896	4896	4896	4896	4896	4896	4896	4896	4896	4896	4896	4896	9932	9944	4896	4896	4896	4896	4896	4896	4896	4896	4896	4896	4896	4896	4896	4896	4896	4896	4896	4896	4896	4896
"79"	4896	4896	4896	4896	4896	4896	4896	4896	4896	4896	4896	4896	4896	4896	4896	4896	4896	4896	4896	4896	4896	4896	4896	4896	4896	4896	4896	4896	4896	4896	4896	4896	4896	4896	4896	4896	4896	4896	4896	4896	4896	4896	4896	4896	4896	4896	4896	4896	4896	4896	4896	4896	4896	4896	4896	4896	4896	4896	9900	4896	4896	4896	9965	4896	4896	4896	4896	4896	4896	4896	4896	4896	4896	4896	4896	4896	4896	4896	4896	4896	4896	4896	4896	4896	4896	4896	4896	4896	4896	4896	4896	4896	4896	4896	4896	4896	4896	4896	4896	4896
"80"	4896	4896	4896	4896	4896	4896	4896	4896	4896	4896	4896	4896	4896	4896	4896	4896	4896	4896	4896	9976	4896	4896	4896	4896	4896	4896	4896	4896	4896	4896	4896	4896	4896	4896	4896	4896	4896	4896	4896	4896	4896	4896	4896	4896	4896	4896	4896	4896	4896	4896	4896	4896	4896	4896	4896	4896	4896	4896	4896	4896	4896	4896	4896	4896	4896	4896	4896	4896	4896	4896	4896	4896	4896	4896	4896	4896	4896	4896	9903	4896	4896	4896	4896	4896	4896	4896	4896	4896	4896	4896	4896	4896	4896	4896	4896	4896	4896	4896	4896	4896
"81"	4896	4896	4896	4896	4896	4896	4896	4896	4896	4896	4896	4896	4896	4896	4896	4896	4896	4896	4896	4896	4896	4896	4896	4896	4896	4896	4896	4896	4896	4896	4896	4896	4896	4896	4896	4896	4896	4896	4896	4896	9864	4896	4896	4896	4896	4896	4896	4896	4896	4896	4896	4896	4896	4896	4896	4896	4896	4896	4896	4896	4896	4896	4896	4896	4896	4896	4896	4896	4896	4896	4896	4896	4896	4896	4896	4896	4896	4896	4896	4896	4896	9832	4896	4896	4896	4896	4896	4896	4896	4896	4896	4896	4896	4896	4896	4896	4896	4896	9851	4896
"82"	4896	4896	4896	4896	4896	4896	4896	4896	4896	4896	4896	4896	4896	4896	4896	4896	4896	4896	4896	4896	4896	4896	4896	4896	4896	4896	4896	4896	4896	9869	4896	4896	4896	4896	4896	4896	4896	4896	4896	4896	4896	4896	4896	4896	4896	4896	4896	4896	4896	4896	4896	4896	4896	9867	4896	4896	4896	4896	4896	4896	4896	4896	4896	4896	4896	4896	4896	4896	4896	4896	4896	4896	4896	4896	4896	4896	4896	4896	4896	4896	4896	4896	4896	4896	4896	4896	4896	4896	4896	4896	4896	4896	4896	4896	4896	4896	4896	4896	4896	4896
"83"	4896	4896	4896	4896	4896	4896	4896	4896	4896	4896	4896	4896	4896	4896	4896	4896	4896	4896	4896	4896	4896	4896	4896	4896	4896	4896	4896	4896	4896	4896	9844	4896	4896	4896	4896	4896	4896	4896	4896	4896	4896	4896	4896	4896	4896	4896	4896	4896	4896	4896	4896	4896	4896	4896	4896	4896	4896	4896	4896	4896	4896	4896	4896	4896	4896	4896	4896	4896	4896	4896	4896	4896	4896	4896	4896	4896	4896	4896	4896	4896	4896	4896	4896	4896	9854	4896	4896	9891	4896	4896	4896	4896	4896	4896	4896	4896	4896	4896	4896	4896
"84"	4896	4896	4896	4896	4896	4896	4896	4896	4896	4896	4896	4896	4896	4896	4896	4896	4896	4896	4896	4896	4896	4896	4896	4896	4896	4896	4896	4896	4896	9909	4896	4896	4896	4896	4896	4896	4896	4896	4896	4896	4896	4896	4896	4896	4896	9831	4896	4896	4896	4896	4896	4896	4896	4896	4896	4896	4896	4896	4896	4896	4896	4896	4896	4896	4896	4896	4896	4896	4896	4896	4896	4896	4896	4896	4896	4896	4896	4896	4896	4896	4896	4896	4896	4896	4896	9889	4896	4896	4896	4896	4896	4896	4896	4896	4896	4896	4896	4896	4896	4896
"85"	4896	4896	4896	4896	4896	4896	4896	4896	4896	4896	4896	4896	4896	4896	4896	4896	4896	4896	4896	4896	4896	4896	4896	4896	4896	4896	4896	4896	4896	4896	4896	4896	4896	4896	4896	4896	4896	4896	4896	4896	4896	4896	4896	4896	4896	4896	4896	4896	4896	4896	4896	4896	4896	4896	4896	4896	4896	4896	4896	4896	4896	4896	4896	4896	4896	4896	4896	4896	4896	4896	4896	4896	4896	4896	4896	4896	4896	4896	4896	4896	4896	4896	9896	4896	4896	4896	9906	4896	4896	4896	4896	4896	4896	4896	4896	4896	4896	4896	4896	4896
"86"	4896	4896	4896	4896	4896	4896	4896	4896	4896	4896	4896	4896	4896	4896	4896	4896	4896	4896	4896	4896	4896	4896	4896	4896	4896	4896	4896	4896	4896	4896	4896	4896	4896	4896	4896	4896	4896	4896	4896	4896	4896	4896	4896	4896	4896	4896	4896	4896	4896	4896	4896	4896	4896	4896	4896	4896	4896	4896	4896	4896	4896	4896	4896	4896	4896	4896	4896	4896	4896	4896	4896	4896	4896	4896	4896	4896	4896	4896	4896	4896	4896	4896	4896	4896	4896	4896	9928	4896	4896	4896	4896	4896	4896	4896	4896	4896	4896	9895	4896	4896
"87"	4896	4896	4896	4896	4896	4896	4896	4896	9937	4896	4896	4896	4896	4896	4896	4896	4896	4896	4896	4896	4896	4896	4896	4896	4896	4896	4896	4896	4896	4896	4896	4896	4896	4896	4896	4896	4896	9921	9949	4896	4896	4896	4896	4896	4896	4896	4896	4896	4896	4896	4896	4896	4896	4896	4896	4896	4896	9899	4896	4896	4896	4896	4896	4896	4896	4896	4896	4896	4896	4896	4896	4896	4896	4896	4896	4896	4896	4896	4896	4896	4896	4896	4896	4896	4896	4896	4896	4896	4896	4896	4896	4896	4896	4896	4896	4896	4896	4896	4896	4896
"88"	4896	4896	4896	4896	4896	4896	4896	4896	4896	4896	4896	4896	4896	4896	4896	4896	4896	4896	4896	4896	4896	4896	4896	4896	4896	4896	4896	4896	4896	4896	4896	4896	4896	4896	4896	4896	4896	4896	9919	4896	4896	4896	4896	4896	4896	4896	4896	4896	4896	9984	4896	4896	4896	4896	4896	4896	4896	4896	4896	4896	4896	4896	4896	4896	4896	4896	4896	4896	4896	4896	4896	4896	4896	4896	4896	4896	4896	4896	4896	4896	4896	4896	4896	4896	4896	4896	4896	4896	4896	4896	4896	4896	4896	4896	4896	4896	4896	4896	4896	4896
"89"	4896	4896	4896	4896	4896	4896	4896	4896	4896	4896	4896	4896	4896	4896	4896	4896	4896	4896	4896	4896	4896	4896	4896	4896	9884	4896	4896	4896	4896	4896	4896	4896	4896	4896	4896	4896	4896	4896	4896	4896	4896	4896	4896	4896	4896	4896	4896	4896	4896	4896	4896	4896	4896	4896	4896	4896	4896	4896	4896	4896	4896	4896	4896	4896	4896	4896	4896	4896	4896	4896	4896	4896	9987	4896	4896	4896	4896	4896	4896	4896	4896	4896	4896	4896	4896	4896	4896	4896	4896	4896	4896	4896	4896	4896	4896	4896	4896	4896	4896	4896
"90"	4896	4896	4896	4896	4896	4896	4896	4896	4896	4896	4896	4896	4896	4896	4896	4896	4896	4896	4896	4896	4896	4896	4896	4896	4896	4896	4896	4896	4896	4896	4896	4896	4896	4896	4896	4896	4896	4896	9941	4896	9874	4896	4896	4896	4896	4896	4896	4896	4896	4896	4896	4896	4896	4896	4896	4896	4896	4896	4896	4896	4896	4896	4896	4896	4896	4896	4896	4896	4896	4896	4896	4896	4896	4896	4896	4896	4896	4896	4896	4896	4896	4896	4896	4896	4896	4896	4896	4896	4896	4896	4896	4896	4896	4896	4896	4896	4896	4896	4896	9852
"91"	4896	4896	4896	4896	4896	4896	4896	4896	4896	4896	4896	4896	4896	4896	4896	4896	4896	4896	4896	4896	4896	4896	4896	4896	4896	4896	4896	4896	4896	4896	4896	4896	4896	4896	4896	4896	4896	4896	4896	4896	4896	4896	9879	4896	4896	4896	4896	4896	4896	4896	4896	4896	4896	4896	4896	4896	4896	4896	4896	4896	4896	4896	4896	4896	4896	4896	4896	4896	4896	4896	4896	4896	4896	4896	4896	4896	4896	4896	4896	4896	4896	4896	4896	4896	4896	4896	4896	4896	4896	4896	4896	9872	4896	4896	4896	4896	4896	4896	4896	4896
"92"	4896	4896	4896	4896	4896	4896	4896	4896	4896	4896	4896	4896	4896	4896	4896	4896	4896	4896	4896	4896	4896	4896	4896	4896	4896	4896	4896	4896	4896	4896	4896	4896	4896	4896	4896	4896	4896	4896	4896	4896	4896	4896	4896	4896	4896	4896	4896	4896	4896	4896	4896	4896	4896	4896	4896	4896	4896	4896	4896	4896	4896	4896	4896	4896	4896	4896	4896	4896	4896	4896	4896	4896	4896	4896	4896	4896	4896	4896	4896	4896	4896	4896	4896	4896	4896	4896	4896	4896	4896	4896	9948	4896	4896	4896	4896	4896	4896	4896	4896	4896
"93"	4896	4896	4896	4896	4896	4896	4896	4896	9981	4896	4896	4896	4896	4896	4896	4896	4896	4896	4896	4896	4896	4896	4896	4896	4896	4896	4896	4896	4896	4896	4896	4896	4896	4896	4896	4896	4896	4896	4896	4896	4896	4896	4896	4896	4896	4896	4896	4896	4896	4896	4896	4896	4896	4896	4896	4896	4896	4896	4896	4896	4896	4896	4896	4896	4896	4896	4896	4896	4896	4896	4896	4896	4896	4896	4896	4896	4896	4896	4896	4896	4896	4896	4896	4896	4896	4896	4896	4896	4896	4896	4896	4896	4896	4896	4896	4896	4896	4896	4896	4896
"94"	4896	4896	4896	4896	4896	4896	4896	4896	4896	4896	4896	4896	4896	4896	4896	4896	4896	4896	4896	4896	4896	4896	4896	4896	4896	4896	4896	4896	4896	4896	4896	4896	4896	4896	4896	4896	4896	4896	4896	4896	4896	4896	4896	4896	4896	4896	4896	4896	4896	4896	4896	4896	4896	4896	4896	4896	4896	4896	4896	4896	4896	4896	4896	4896	4896	4896	4896	4896	4896	4896	4896	4896	4896	4896	4896	4896	4896	9894	4896	4896	4896	4896	4896	4896	4896	4896	4896	4896	4896	4896	4896	4896	9978	4896	4896	4896	4896	4896	4896	4896
"95"	4896	4896	4896	4896	4896	4896	4896	4896	4896	4896	4896	4896	4896	4896	4896	4896	4896	4896	4896	4896	4896	4896	4896	4896	4896	4896	4896	4896	4896	4896	4896	4896	4896	4896	4896	4896	4896	4896	4896	4896	4896	4896	4896	4896	4896	4896	4896	4896	4896	4896	4896	4896	4896	4896	4896	4896	4896	4896	4896	4896	4896	4896	4896	4896	4896	4896	4896	4896	4896	4896	4896	4896	4896	4896	4896	4896	4896	4896	4896	4896	4896	4896	4896	4896	4896	4896	4896	4896	4896	4896	4896	4896	9957	4896	4896	4896	4896	4896	4896	4896
"96"	4896	4896	4896	4896	4896	4896	4896	4896	4896	4896	4896	4896	4896	4896	4896	4896	4896	4896	4896	4896	4896	4896	4896	4896	4896	4896	4896	4896	4896	4896	4896	4896	4896	4896	4896	4896	4896	4896	4896	4896	4896	4896	4896	4896	4896	4896	4896	4896	4896	4896	4896	4896	4896	4896	4896	4896	4896	4896	4896	4896	4896	4896	4896	4896	4896	4896	4896	4896	4896	4896	4896	4896	4896	4896	4896	4896	4896	4896	4896	4896	4896	4896	4896	4896	4896	4896	4896	9849	4896	4896	4896	4896	4896	4896	4896	4896	4896	4896	4896	4896
"97"	4896	4896	4896	4896	4896	4896	4896	4896	4896	4896	4896	4896	4896	4896	4896	4896	4896	4896	4896	4896	4896	4896	4896	4896	4896	4896	4896	4896	4896	4896	4896	4896	4896	4896	4896	4896	4896	4896	4896	4896	4896	4896	4896	4896	4896	4896	4896	4896	4896	4896	4896	4896	4896	4896	4896	4896	4896	4896	4896	4896	4896	4896	4896	4896	4896	4896	4896	4896	4896	4896	4896	4896	4896	4896	4896	4896	4896	4896	4896	4896	4896	4896	4896	4896	4896	4896	4896	4896	4896	4896	4896	4896	4896	4896	4896	9834	4896	4896	4896	4896
"98"	4896	4896	4896	4896	9838	4896	4896	4896	4896	4896	4896	4896	4896	4896	4896	4896	4896	4896	4896	4896	9952	4896	4896	4896	4896	4896	4896	4896	4896	4896	4896	4896	4896	4896	4896	4896	4896	4896	4896	4896	4896	4896	4896	4896	4896	4896	4896	4896	4896	4896	4896	4896	4896	4896	4896	4896	4896	4896	4896	4896	4896	4896	4896	4896	4896	4896	4896	4896	4896	4896	4896	4896	4896	4896	4896	4896	4896	4896	4896	4896	4896	4896	4896	4896	4896	4896	4896	4896	4896	4896	4896	4896	4896	4896	4896	4896	4896	4896	4896	4896
"99"	4896	4896	4896	4896	4896	4896	4896	4896	4896	4896	4896	4896	4896	4896	4896	4896	4896	4896	4896	4896	9904	4896	4896	4896	4896	4896	4896	4896	4896	4896	4896	4896	4896	4896	4896	4896	4896	4896	4896	4896	4896	4896	4896	4896	4896	4896	4896	4896	4896	4896	4896	4896	4896	4896	4896	4896	4896	4896	4896	4896	4896	4896	4896	4896	4896	4896	4896	4896	4896	4896	4896	4896	4896	4896	4896	4896	4896	4896	4896	4896	4896	4896	4896	4896	4896	4896	4896	4896	4896	4896	4896	4896	4896	4896	4896	4896	4896	9881	4896	4896
"100"	4896	4896	4896	4896	4896	4896	4896	4896	4896	4896	4896	4896	4896	4896	4896	4896	4896	4896	4896	4896	4896	4896	4896	4896	4896	4896	4896	4896	4896	4896	4896	4896	4896	4896	4896	4896	4896	4896	4896	4896	4896	4896	4896	4896	4896	4896	4896	4896	4896	4896	4896	4896	4896	4896	4896	4896	4896	4896	4896	4896	4896	4896	4896	4896	4896	4896	4896	4896	4896	4896	4896	4896	4896	4896	4896	4896	4896	4896	4896	4896	4896	4896	4896	4896	4896	4896	4896	4896	4896	9922	4896	4896	4896	4896	4896	4896	4896	4896	4896	4896
